[001/720] OK ds=PROTEINS model=PlainGNN op=GCNConv fold=4 time=13.2s
[epoch 0001] train_loss=0.68761	train_acc=0.55736	val_loss=0.67345	val_acc=0.59551	lr=0.00500	patience=0	graph_gate=0.80000
[epoch 0050] train_loss=0.58158	train_acc=0.72319	val_loss=0.68601	val_acc=0.65169	lr=0.00125	patience=37	graph_gate=0.80000
[early_stop] epoch=73 best_epoch=13 best_val_loss=0.65146
completed in 9.18s
/home/xuelin/miniconda3/envs/pyg/lib/python3.11/site-packages/outdated/__init__.py:36: UserWarning: pkg_resources is deprecated as an API. See https://setuptools.pypa.io/en/latest/pkg_resources.html. The pkg_resources package is slated for removal as early as 2025-11-30. Refrain from using this package or pin to Setuptools<81.
  from pkg_resources import parse_version
[002/720] OK ds=PROTEINS model=PlainGNN op=GCNConv fold=2 time=16.1s
[epoch 0050] train_loss=0.62125	train_acc=0.68414	val_loss=0.60302	val_acc=0.68539	lr=0.00500	patience=10	graph_gate=0.80000
[epoch 0100] train_loss=0.60442	train_acc=0.67915	val_loss=0.59425	val_acc=0.67416	lr=0.00063	patience=60	graph_gate=0.80000
[early_stop] epoch=100 best_epoch=40 best_val_loss=0.58092
completed in 12.04s
/home/xuelin/miniconda3/envs/pyg/lib/python3.11/site-packages/outdated/__init__.py:36: UserWarning: pkg_resources is deprecated as an API. See https://setuptools.pypa.io/en/latest/pkg_resources.html. The pkg_resources package is slated for removal as early as 2025-11-30. Refrain from using this package or pin to Setuptools<81.
  from pkg_resources import parse_version
[003/720] OK ds=PROTEINS model=PlainGNN op=GATConv fold=0 time=17.0s
[epoch 0001] train_loss=0.67849	train_acc=0.59800	val_loss=0.70090	val_acc=0.59551	lr=0.00500	patience=0	graph_gate=0.80000
[epoch 0050] train_loss=0.57814	train_acc=0.72035	val_loss=0.60993	val_acc=0.69663	lr=0.00250	patience=17	graph_gate=0.80000
[early_stop] epoch=93 best_epoch=33 best_val_loss=0.56430
completed in 12.85s
/home/xuelin/miniconda3/envs/pyg/lib/python3.11/site-packages/outdated/__init__.py:36: UserWarning: pkg_resources is deprecated as an API. See https://setuptools.pypa.io/en/latest/pkg_resources.html. The pkg_resources package is slated for removal as early as 2025-11-30. Refrain from using this package or pin to Setuptools<81.
  from pkg_resources import parse_version
[004/720] OK ds=PROTEINS model=PlainGNN op=GCNConv fold=3 time=18.2s
[epoch 0050] train_loss=0.62178	train_acc=0.67706	val_loss=0.54213	val_acc=0.76404	lr=0.00500	patience=0	graph_gate=0.80000
[epoch 0100] train_loss=0.60812	train_acc=0.69576	val_loss=0.56393	val_acc=0.73034	lr=0.00125	patience=35	graph_gate=0.80000
[early_stop] epoch=125 best_epoch=65 best_val_loss=0.54086
completed in 13.99s
/home/xuelin/miniconda3/envs/pyg/lib/python3.11/site-packages/outdated/__init__.py:36: UserWarning: pkg_resources is deprecated as an API. See https://setuptools.pypa.io/en/latest/pkg_resources.html. The pkg_resources package is slated for removal as early as 2025-11-30. Refrain from using this package or pin to Setuptools<81.
  from pkg_resources import parse_version
[005/720] OK ds=PROTEINS model=PlainGNN op=GCNConv fold=0 time=18.5s
[epoch 0050] train_loss=0.59758	train_acc=0.70911	val_loss=0.58667	val_acc=0.69663	lr=0.00250	patience=10	graph_gate=0.80000
[epoch 0100] train_loss=0.60454	train_acc=0.70911	val_loss=0.58579	val_acc=0.71910	lr=0.00063	patience=30	graph_gate=0.80000
[early_stop] epoch=130 best_epoch=70 best_val_loss=0.57899
completed in 14.20s
/home/xuelin/miniconda3/envs/pyg/lib/python3.11/site-packages/outdated/__init__.py:36: UserWarning: pkg_resources is deprecated as an API. See https://setuptools.pypa.io/en/latest/pkg_resources.html. The pkg_resources package is slated for removal as early as 2025-11-30. Refrain from using this package or pin to Setuptools<81.
  from pkg_resources import parse_version
[006/720] OK ds=PROTEINS model=PlainGNN op=GCNConv fold=1 time=21.7s
[epoch 0100] train_loss=0.60952	train_acc=0.69413	val_loss=0.58190	val_acc=0.74157	lr=0.00063	patience=9	graph_gate=0.80000
[epoch 0150] train_loss=0.59995	train_acc=0.69538	val_loss=0.58091	val_acc=0.75281	lr=0.00016	patience=30	graph_gate=0.80000
[early_stop] epoch=180 best_epoch=120 best_val_loss=0.58016
completed in 17.50s
/home/xuelin/miniconda3/envs/pyg/lib/python3.11/site-packages/outdated/__init__.py:36: UserWarning: pkg_resources is deprecated as an API. See https://setuptools.pypa.io/en/latest/pkg_resources.html. The pkg_resources package is slated for removal as early as 2025-11-30. Refrain from using this package or pin to Setuptools<81.
  from pkg_resources import parse_version
[007/720] OK ds=PROTEINS model=PlainGNN op=GATConv fold=4 time=14.3s
[epoch 0001] train_loss=0.68302	train_acc=0.58105	val_loss=0.67034	val_acc=0.59551	lr=0.00500	patience=0	graph_gate=0.80000
[epoch 0050] train_loss=0.57734	train_acc=0.73566	val_loss=0.67726	val_acc=0.60674	lr=0.00125	patience=42	graph_gate=0.80000
[early_stop] epoch=68 best_epoch=8 best_val_loss=0.64497
completed in 10.51s
/home/xuelin/miniconda3/envs/pyg/lib/python3.11/site-packages/outdated/__init__.py:36: UserWarning: pkg_resources is deprecated as an API. See https://setuptools.pypa.io/en/latest/pkg_resources.html. The pkg_resources package is slated for removal as early as 2025-11-30. Refrain from using this package or pin to Setuptools<81.
  from pkg_resources import parse_version
[008/720] OK ds=PROTEINS model=PlainGNN op=GATConv fold=2 time=17.0s
[epoch 0001] train_loss=0.68271	train_acc=0.57928	val_loss=0.68195	val_acc=0.59551	lr=0.00500	patience=0	graph_gate=0.80000
[epoch 0050] train_loss=0.60981	train_acc=0.69164	val_loss=0.59371	val_acc=0.68539	lr=0.00250	patience=16	graph_gate=0.80000
[early_stop] epoch=94 best_epoch=34 best_val_loss=0.57386
completed in 13.15s
/home/xuelin/miniconda3/envs/pyg/lib/python3.11/site-packages/outdated/__init__.py:36: UserWarning: pkg_resources is deprecated as an API. See https://setuptools.pypa.io/en/latest/pkg_resources.html. The pkg_resources package is slated for removal as early as 2025-11-30. Refrain from using this package or pin to Setuptools<81.
  from pkg_resources import parse_version
[009/720] OK ds=PROTEINS model=PlainGNN op=GATConv fold=1 time=20.6s
[epoch 0050] train_loss=0.61241	train_acc=0.69288	val_loss=0.60542	val_acc=0.67416	lr=0.00250	patience=7	graph_gate=0.80000
[epoch 0100] train_loss=0.59037	train_acc=0.71286	val_loss=0.59250	val_acc=0.68539	lr=0.00031	patience=20	graph_gate=0.80000
[early_stop] epoch=140 best_epoch=80 best_val_loss=0.58193
completed in 16.80s
/home/xuelin/miniconda3/envs/pyg/lib/python3.11/site-packages/outdated/__init__.py:36: UserWarning: pkg_resources is deprecated as an API. See https://setuptools.pypa.io/en/latest/pkg_resources.html. The pkg_resources package is slated for removal as early as 2025-11-30. Refrain from using this package or pin to Setuptools<81.
  from pkg_resources import parse_version
[010/720] OK ds=PROTEINS model=PlainGNN op=GATConv fold=3 time=17.0s
[epoch 0001] train_loss=0.68425	train_acc=0.57731	val_loss=0.67401	val_acc=0.59551	lr=0.00500	patience=0	graph_gate=0.80000
[epoch 0050] train_loss=0.60211	train_acc=0.70698	val_loss=0.54429	val_acc=0.71910	lr=0.00250	patience=17	graph_gate=0.80000
[early_stop] epoch=93 best_epoch=33 best_val_loss=0.52862
completed in 12.92s
/home/xuelin/miniconda3/envs/pyg/lib/python3.11/site-packages/outdated/__init__.py:36: UserWarning: pkg_resources is deprecated as an API. See https://setuptools.pypa.io/en/latest/pkg_resources.html. The pkg_resources package is slated for removal as early as 2025-11-30. Refrain from using this package or pin to Setuptools<81.
  from pkg_resources import parse_version
[011/720] OK ds=PROTEINS model=PlainGNN op=SAGEConv fold=0 time=15.6s
[epoch 0050] train_loss=0.61600	train_acc=0.69538	val_loss=0.59141	val_acc=0.68539	lr=0.00500	patience=8	graph_gate=0.80000
[epoch 0100] train_loss=0.58062	train_acc=0.72160	val_loss=0.58327	val_acc=0.71910	lr=0.00063	patience=58	graph_gate=0.80000
[early_stop] epoch=102 best_epoch=42 best_val_loss=0.57328
completed in 11.52s
/home/xuelin/miniconda3/envs/pyg/lib/python3.11/site-packages/outdated/__init__.py:36: UserWarning: pkg_resources is deprecated as an API. See https://setuptools.pypa.io/en/latest/pkg_resources.html. The pkg_resources package is slated for removal as early as 2025-11-30. Refrain from using this package or pin to Setuptools<81.
  from pkg_resources import parse_version
[012/720] OK ds=PROTEINS model=PlainGNN op=SAGEConv fold=1 time=17.3s
[epoch 0100] train_loss=0.59933	train_acc=0.70662	val_loss=0.57026	val_acc=0.74157	lr=0.00063	patience=32	graph_gate=0.80000
[epoch 0150] train_loss=0.60238	train_acc=0.69538	val_loss=0.57452	val_acc=0.74157	lr=0.00016	patience=29	graph_gate=0.80000
[early_stop] epoch=181 best_epoch=121 best_val_loss=0.56689
completed in 13.67s
/home/xuelin/miniconda3/envs/pyg/lib/python3.11/site-packages/outdated/__init__.py:36: UserWarning: pkg_resources is deprecated as an API. See https://setuptools.pypa.io/en/latest/pkg_resources.html. The pkg_resources package is slated for removal as early as 2025-11-30. Refrain from using this package or pin to Setuptools<81.
  from pkg_resources import parse_version
[013/720] OK ds=PROTEINS model=PlainGNN op=SAGEConv fold=4 time=12.8s
[epoch 0001] train_loss=0.68323	train_acc=0.59726	val_loss=0.67447	val_acc=0.59551	lr=0.00500	patience=0	graph_gate=0.80000
[epoch 0050] train_loss=0.58839	train_acc=0.71072	val_loss=0.67190	val_acc=0.65169	lr=0.00250	patience=29	graph_gate=0.80000
[early_stop] epoch=81 best_epoch=21 best_val_loss=0.65346
completed in 8.85s
/home/xuelin/miniconda3/envs/pyg/lib/python3.11/site-packages/outdated/__init__.py:36: UserWarning: pkg_resources is deprecated as an API. See https://setuptools.pypa.io/en/latest/pkg_resources.html. The pkg_resources package is slated for removal as early as 2025-11-30. Refrain from using this package or pin to Setuptools<81.
  from pkg_resources import parse_version
[014/720] OK ds=PROTEINS model=PlainGNN op=SAGEConv fold=2 time=14.7s
[epoch 0050] train_loss=0.61483	train_acc=0.68789	val_loss=0.59054	val_acc=0.68539	lr=0.00125	patience=0	graph_gate=0.80000
[epoch 0100] train_loss=0.60152	train_acc=0.70037	val_loss=0.60098	val_acc=0.70787	lr=0.00016	patience=50	graph_gate=0.80000
[early_stop] epoch=110 best_epoch=50 best_val_loss=0.59054
completed in 10.76s
/home/xuelin/miniconda3/envs/pyg/lib/python3.11/site-packages/outdated/__init__.py:36: UserWarning: pkg_resources is deprecated as an API. See https://setuptools.pypa.io/en/latest/pkg_resources.html. The pkg_resources package is slated for removal as early as 2025-11-30. Refrain from using this package or pin to Setuptools<81.
  from pkg_resources import parse_version
[015/720] OK ds=PROTEINS model=PlainGNN op=SAGEConv fold=3 time=15.4s
[epoch 0050] train_loss=0.61052	train_acc=0.67581	val_loss=0.55844	val_acc=0.76404	lr=0.00250	patience=30	graph_gate=0.80000
[epoch 0100] train_loss=0.60090	train_acc=0.69825	val_loss=0.56229	val_acc=0.69663	lr=0.00031	patience=46	graph_gate=0.80000
[early_stop] epoch=114 best_epoch=54 best_val_loss=0.54467
completed in 11.41s
/home/xuelin/miniconda3/envs/pyg/lib/python3.11/site-packages/outdated/__init__.py:36: UserWarning: pkg_resources is deprecated as an API. See https://setuptools.pypa.io/en/latest/pkg_resources.html. The pkg_resources package is slated for removal as early as 2025-11-30. Refrain from using this package or pin to Setuptools<81.
  from pkg_resources import parse_version
[016/720] OK ds=PROTEINS model=PlainGNN op=GINConv fold=0 time=14.7s
[epoch 0001] train_loss=1.06815	train_acc=0.57553	val_loss=0.68928	val_acc=0.52809	lr=0.00500	patience=0	graph_gate=0.80000
[epoch 0050] train_loss=0.62768	train_acc=0.65668	val_loss=0.62321	val_acc=0.67416	lr=0.00500	patience=12	graph_gate=0.80000
[early_stop] epoch=98 best_epoch=38 best_val_loss=0.58301
completed in 10.68s
/home/xuelin/miniconda3/envs/pyg/lib/python3.11/site-packages/outdated/__init__.py:36: UserWarning: pkg_resources is deprecated as an API. See https://setuptools.pypa.io/en/latest/pkg_resources.html. The pkg_resources package is slated for removal as early as 2025-11-30. Refrain from using this package or pin to Setuptools<81.
  from pkg_resources import parse_version
[017/720] OK ds=PROTEINS model=PlainGNN op=GINConv fold=2 time=16.4s
[epoch 0050] train_loss=0.61433	train_acc=0.67790	val_loss=0.65517	val_acc=0.62921	lr=0.00500	patience=6	graph_gate=0.80000
[epoch 0100] train_loss=0.58763	train_acc=0.72784	val_loss=0.58705	val_acc=0.70787	lr=0.00250	patience=24	graph_gate=0.80000
[early_stop] epoch=136 best_epoch=76 best_val_loss=0.56918
completed in 12.83s
/home/xuelin/miniconda3/envs/pyg/lib/python3.11/site-packages/outdated/__init__.py:36: UserWarning: pkg_resources is deprecated as an API. See https://setuptools.pypa.io/en/latest/pkg_resources.html. The pkg_resources package is slated for removal as early as 2025-11-30. Refrain from using this package or pin to Setuptools<81.
  from pkg_resources import parse_version
[018/720] OK ds=PROTEINS model=PlainGNN op=GINConv fold=1 time=22.6s
[epoch 0100] train_loss=0.60414	train_acc=0.70037	val_loss=0.58347	val_acc=0.73034	lr=0.00250	patience=5	graph_gate=0.80000
[epoch 0150] train_loss=0.59970	train_acc=0.71161	val_loss=0.57791	val_acc=0.71910	lr=0.00125	patience=15	graph_gate=0.80000
[early_stop] epoch=195 best_epoch=135 best_val_loss=0.57086
completed in 18.75s
/home/xuelin/miniconda3/envs/pyg/lib/python3.11/site-packages/outdated/__init__.py:36: UserWarning: pkg_resources is deprecated as an API. See https://setuptools.pypa.io/en/latest/pkg_resources.html. The pkg_resources package is slated for removal as early as 2025-11-30. Refrain from using this package or pin to Setuptools<81.
  from pkg_resources import parse_version
[019/720] OK ds=PROTEINS model=PlainGNN op=GINConv fold=4 time=13.5s
[epoch 0001] train_loss=0.94487	train_acc=0.57481	val_loss=0.69412	val_acc=0.48315	lr=0.00500	patience=0	graph_gate=0.80000
[epoch 0050] train_loss=0.59016	train_acc=0.71696	val_loss=0.65864	val_acc=0.64045	lr=0.00250	patience=19	graph_gate=0.80000
[early_stop] epoch=91 best_epoch=31 best_val_loss=0.63388
completed in 9.58s
/home/xuelin/miniconda3/envs/pyg/lib/python3.11/site-packages/outdated/__init__.py:36: UserWarning: pkg_resources is deprecated as an API. See https://setuptools.pypa.io/en/latest/pkg_resources.html. The pkg_resources package is slated for removal as early as 2025-11-30. Refrain from using this package or pin to Setuptools<81.
  from pkg_resources import parse_version
[020/720] OK ds=PROTEINS model=PlainGNN op=GINConv fold=3 time=16.5s
[epoch 0050] train_loss=0.61572	train_acc=0.65087	val_loss=0.59026	val_acc=0.61798	lr=0.00500	patience=13	graph_gate=0.80000
[epoch 0100] train_loss=0.59942	train_acc=0.68953	val_loss=0.54060	val_acc=0.77528	lr=0.00125	patience=36	graph_gate=0.80000
[early_stop] epoch=124 best_epoch=64 best_val_loss=0.53206
completed in 12.68s
/home/xuelin/miniconda3/envs/pyg/lib/python3.11/site-packages/outdated/__init__.py:36: UserWarning: pkg_resources is deprecated as an API. See https://setuptools.pypa.io/en/latest/pkg_resources.html. The pkg_resources package is slated for removal as early as 2025-11-30. Refrain from using this package or pin to Setuptools<81.
  from pkg_resources import parse_version
[021/720] OK ds=PROTEINS model=NodeResGNN op=GCNConv fold=0 time=18.2s
[epoch 0050] train_loss=0.59772	train_acc=0.70911	val_loss=0.58241	val_acc=0.73034	lr=0.00250	patience=0	residual_gate=0.79255
[epoch 0100] train_loss=0.60255	train_acc=0.71785	val_loss=0.58530	val_acc=0.71910	lr=0.00063	patience=17	residual_gate=0.79078
[early_stop] epoch=143 best_epoch=83 best_val_loss=0.57747
completed in 14.42s
/home/xuelin/miniconda3/envs/pyg/lib/python3.11/site-packages/outdated/__init__.py:36: UserWarning: pkg_resources is deprecated as an API. See https://setuptools.pypa.io/en/latest/pkg_resources.html. The pkg_resources package is slated for removal as early as 2025-11-30. Refrain from using this package or pin to Setuptools<81.
  from pkg_resources import parse_version
[022/720] OK ds=PROTEINS model=NodeResGNN op=GCNConv fold=2 time=13.8s
[epoch 0001] train_loss=0.68011	train_acc=0.55181	val_loss=0.68609	val_acc=0.59551	lr=0.00500	patience=0	residual_gate=0.79842
[epoch 0050] train_loss=0.61575	train_acc=0.67915	val_loss=0.59336	val_acc=0.67416	lr=0.00500	patience=13	residual_gate=0.78698
[early_stop] epoch=97 best_epoch=37 best_val_loss=0.58461
completed in 10.05s
/home/xuelin/miniconda3/envs/pyg/lib/python3.11/site-packages/outdated/__init__.py:36: UserWarning: pkg_resources is deprecated as an API. See https://setuptools.pypa.io/en/latest/pkg_resources.html. The pkg_resources package is slated for removal as early as 2025-11-30. Refrain from using this package or pin to Setuptools<81.
  from pkg_resources import parse_version
[023/720] OK ds=PROTEINS model=NodeResGNN op=GCNConv fold=3 time=14.7s
[epoch 0050] train_loss=0.62532	train_acc=0.67456	val_loss=0.58477	val_acc=0.76404	lr=0.00500	patience=1	residual_gate=0.78947
[epoch 0100] train_loss=0.61279	train_acc=0.69950	val_loss=0.56099	val_acc=0.75281	lr=0.00063	patience=51	residual_gate=0.78359
[early_stop] epoch=109 best_epoch=49 best_val_loss=0.54067
completed in 11.00s
/home/xuelin/miniconda3/envs/pyg/lib/python3.11/site-packages/outdated/__init__.py:36: UserWarning: pkg_resources is deprecated as an API. See https://setuptools.pypa.io/en/latest/pkg_resources.html. The pkg_resources package is slated for removal as early as 2025-11-30. Refrain from using this package or pin to Setuptools<81.
  from pkg_resources import parse_version
[024/720] OK ds=PROTEINS model=NodeResGNN op=GCNConv fold=1 time=23.4s
[epoch 0100] train_loss=0.60912	train_acc=0.69538	val_loss=0.58635	val_acc=0.71910	lr=0.00063	patience=10	residual_gate=0.79403
[epoch 0150] train_loss=0.59737	train_acc=0.70412	val_loss=0.58559	val_acc=0.74157	lr=0.00016	patience=17	residual_gate=0.79417
[epoch 0200] train_loss=0.60202	train_acc=0.71036	val_loss=0.58469	val_acc=0.74157	lr=0.00004	patience=37	residual_gate=0.79454
completed in 19.54s
/home/xuelin/miniconda3/envs/pyg/lib/python3.11/site-packages/outdated/__init__.py:36: UserWarning: pkg_resources is deprecated as an API. See https://setuptools.pypa.io/en/latest/pkg_resources.html. The pkg_resources package is slated for removal as early as 2025-11-30. Refrain from using this package or pin to Setuptools<81.
  from pkg_resources import parse_version
[025/720] OK ds=PROTEINS model=NodeResGNN op=GCNConv fold=4 time=11.6s
[epoch 0001] train_loss=0.68852	train_acc=0.57107	val_loss=0.67240	val_acc=0.59551	lr=0.00500	patience=0	residual_gate=0.79886
[epoch 0050] train_loss=0.58914	train_acc=0.72195	val_loss=0.68240	val_acc=0.65169	lr=0.00125	patience=37	residual_gate=0.79311
[early_stop] epoch=73 best_epoch=13 best_val_loss=0.64996
completed in 7.71s
/home/xuelin/miniconda3/envs/pyg/lib/python3.11/site-packages/outdated/__init__.py:36: UserWarning: pkg_resources is deprecated as an API. See https://setuptools.pypa.io/en/latest/pkg_resources.html. The pkg_resources package is slated for removal as early as 2025-11-30. Refrain from using this package or pin to Setuptools<81.
  from pkg_resources import parse_version
[026/720] OK ds=PROTEINS model=NodeResGNN op=GATConv fold=0 time=13.8s
[epoch 0001] train_loss=0.67547	train_acc=0.60300	val_loss=0.67566	val_acc=0.59551	lr=0.00500	patience=0	residual_gate=0.80154
[epoch 0050] train_loss=0.57783	train_acc=0.73658	val_loss=0.58216	val_acc=0.71910	lr=0.00250	patience=20	residual_gate=0.80270
[early_stop] epoch=90 best_epoch=30 best_val_loss=0.56138
completed in 10.09s
/home/xuelin/miniconda3/envs/pyg/lib/python3.11/site-packages/outdated/__init__.py:36: UserWarning: pkg_resources is deprecated as an API. See https://setuptools.pypa.io/en/latest/pkg_resources.html. The pkg_resources package is slated for removal as early as 2025-11-30. Refrain from using this package or pin to Setuptools<81.
  from pkg_resources import parse_version
[027/720] OK ds=PROTEINS model=NodeResGNN op=GATConv fold=2 time=17.5s
[epoch 0001] train_loss=0.67696	train_acc=0.59301	val_loss=0.67873	val_acc=0.59551	lr=0.00500	patience=0	residual_gate=0.80120
[epoch 0050] train_loss=0.60856	train_acc=0.67665	val_loss=0.58163	val_acc=0.69663	lr=0.00250	patience=16	residual_gate=0.79605
[early_stop] epoch=94 best_epoch=34 best_val_loss=0.56865
completed in 13.72s
/home/xuelin/miniconda3/envs/pyg/lib/python3.11/site-packages/outdated/__init__.py:36: UserWarning: pkg_resources is deprecated as an API. See https://setuptools.pypa.io/en/latest/pkg_resources.html. The pkg_resources package is slated for removal as early as 2025-11-30. Refrain from using this package or pin to Setuptools<81.
  from pkg_resources import parse_version
[028/720] OK ds=PROTEINS model=NodeResGNN op=GATConv fold=4 time=15.0s
[epoch 0001] train_loss=0.68000	train_acc=0.59975	val_loss=0.67195	val_acc=0.62921	lr=0.00500	patience=0	residual_gate=0.80057
[epoch 0050] train_loss=0.58335	train_acc=0.74065	val_loss=0.68112	val_acc=0.60674	lr=0.00125	patience=42	residual_gate=0.80185
[early_stop] epoch=68 best_epoch=8 best_val_loss=0.64707
completed in 11.11s
/home/xuelin/miniconda3/envs/pyg/lib/python3.11/site-packages/outdated/__init__.py:36: UserWarning: pkg_resources is deprecated as an API. See https://setuptools.pypa.io/en/latest/pkg_resources.html. The pkg_resources package is slated for removal as early as 2025-11-30. Refrain from using this package or pin to Setuptools<81.
  from pkg_resources import parse_version
[029/720] OK ds=PROTEINS model=NodeResGNN op=GATConv fold=1 time=22.0s
[epoch 0050] train_loss=0.60509	train_acc=0.69413	val_loss=0.58065	val_acc=0.73034	lr=0.00500	patience=7	residual_gate=0.79855
[epoch 0100] train_loss=0.59142	train_acc=0.72035	val_loss=0.57868	val_acc=0.69663	lr=0.00125	patience=20	residual_gate=0.79601
[early_stop] epoch=140 best_epoch=80 best_val_loss=0.57040
completed in 18.21s
/home/xuelin/miniconda3/envs/pyg/lib/python3.11/site-packages/outdated/__init__.py:36: UserWarning: pkg_resources is deprecated as an API. See https://setuptools.pypa.io/en/latest/pkg_resources.html. The pkg_resources package is slated for removal as early as 2025-11-30. Refrain from using this package or pin to Setuptools<81.
  from pkg_resources import parse_version
[030/720] OK ds=PROTEINS model=NodeResGNN op=GATConv fold=3 time=17.7s
[epoch 0001] train_loss=0.68080	train_acc=0.59227	val_loss=0.66109	val_acc=0.59551	lr=0.00500	patience=0	residual_gate=0.80126
[epoch 0050] train_loss=0.60837	train_acc=0.71571	val_loss=0.56813	val_acc=0.71910	lr=0.00250	patience=18	residual_gate=0.80453
[early_stop] epoch=92 best_epoch=32 best_val_loss=0.53226
completed in 13.71s
/home/xuelin/miniconda3/envs/pyg/lib/python3.11/site-packages/outdated/__init__.py:36: UserWarning: pkg_resources is deprecated as an API. See https://setuptools.pypa.io/en/latest/pkg_resources.html. The pkg_resources package is slated for removal as early as 2025-11-30. Refrain from using this package or pin to Setuptools<81.
  from pkg_resources import parse_version
[031/720] OK ds=PROTEINS model=NodeResGNN op=SAGEConv fold=0 time=17.1s
[epoch 0050] train_loss=0.60334	train_acc=0.72534	val_loss=0.59486	val_acc=0.73034	lr=0.00500	patience=8	residual_gate=0.77336
[epoch 0100] train_loss=0.58548	train_acc=0.71536	val_loss=0.58404	val_acc=0.71910	lr=0.00125	patience=44	residual_gate=0.77726
[early_stop] epoch=116 best_epoch=56 best_val_loss=0.56525
completed in 13.22s
/home/xuelin/miniconda3/envs/pyg/lib/python3.11/site-packages/outdated/__init__.py:36: UserWarning: pkg_resources is deprecated as an API. See https://setuptools.pypa.io/en/latest/pkg_resources.html. The pkg_resources package is slated for removal as early as 2025-11-30. Refrain from using this package or pin to Setuptools<81.
  from pkg_resources import parse_version
[032/720] OK ds=PROTEINS model=NodeResGNN op=SAGEConv fold=1 time=19.7s
[epoch 0100] train_loss=0.60654	train_acc=0.70412	val_loss=0.57704	val_acc=0.70787	lr=0.00500	patience=4	residual_gate=0.78342
[epoch 0150] train_loss=0.59445	train_acc=0.70162	val_loss=0.56806	val_acc=0.75281	lr=0.00125	patience=33	residual_gate=0.78079
[early_stop] epoch=177 best_epoch=117 best_val_loss=0.55480
completed in 16.01s
/home/xuelin/miniconda3/envs/pyg/lib/python3.11/site-packages/outdated/__init__.py:36: UserWarning: pkg_resources is deprecated as an API. See https://setuptools.pypa.io/en/latest/pkg_resources.html. The pkg_resources package is slated for removal as early as 2025-11-30. Refrain from using this package or pin to Setuptools<81.
  from pkg_resources import parse_version
[033/720] OK ds=PROTEINS model=NodeResGNN op=SAGEConv fold=2 time=14.2s
[epoch 0050] train_loss=0.61428	train_acc=0.69164	val_loss=0.58487	val_acc=0.69663	lr=0.00250	patience=10	residual_gate=0.77256
[epoch 0100] train_loss=0.59829	train_acc=0.70537	val_loss=0.59413	val_acc=0.68539	lr=0.00031	patience=60	residual_gate=0.77285
[early_stop] epoch=100 best_epoch=40 best_val_loss=0.58481
completed in 10.36s
/home/xuelin/miniconda3/envs/pyg/lib/python3.11/site-packages/outdated/__init__.py:36: UserWarning: pkg_resources is deprecated as an API. See https://setuptools.pypa.io/en/latest/pkg_resources.html. The pkg_resources package is slated for removal as early as 2025-11-30. Refrain from using this package or pin to Setuptools<81.
  from pkg_resources import parse_version
[034/720] OK ds=PROTEINS model=NodeResGNN op=SAGEConv fold=4 time=13.3s
[epoch 0001] train_loss=0.68767	train_acc=0.57731	val_loss=0.67663	val_acc=0.59551	lr=0.00500	patience=0	residual_gate=0.79722
[epoch 0050] train_loss=0.58462	train_acc=0.72943	val_loss=0.67591	val_acc=0.65169	lr=0.00250	patience=28	residual_gate=0.78719
[early_stop] epoch=82 best_epoch=22 best_val_loss=0.65276
completed in 9.47s
/home/xuelin/miniconda3/envs/pyg/lib/python3.11/site-packages/outdated/__init__.py:36: UserWarning: pkg_resources is deprecated as an API. See https://setuptools.pypa.io/en/latest/pkg_resources.html. The pkg_resources package is slated for removal as early as 2025-11-30. Refrain from using this package or pin to Setuptools<81.
  from pkg_resources import parse_version
[035/720] OK ds=PROTEINS model=NodeResGNN op=SAGEConv fold=3 time=16.0s
[epoch 0050] train_loss=0.61780	train_acc=0.66584	val_loss=0.55598	val_acc=0.75281	lr=0.00250	patience=22	residual_gate=0.78695
[epoch 0100] train_loss=0.60442	train_acc=0.70075	val_loss=0.55528	val_acc=0.74157	lr=0.00063	patience=46	residual_gate=0.78965
[early_stop] epoch=114 best_epoch=54 best_val_loss=0.54587
completed in 11.93s
/home/xuelin/miniconda3/envs/pyg/lib/python3.11/site-packages/outdated/__init__.py:36: UserWarning: pkg_resources is deprecated as an API. See https://setuptools.pypa.io/en/latest/pkg_resources.html. The pkg_resources package is slated for removal as early as 2025-11-30. Refrain from using this package or pin to Setuptools<81.
  from pkg_resources import parse_version
[036/720] OK ds=PROTEINS model=NodeResGNN op=GINConv fold=0 time=17.9s
[epoch 0050] train_loss=0.61387	train_acc=0.70037	val_loss=0.60083	val_acc=0.74157	lr=0.00250	patience=19	residual_gate=0.78591
[epoch 0100] train_loss=0.58603	train_acc=0.70537	val_loss=0.59455	val_acc=0.74157	lr=0.00125	patience=24	residual_gate=0.78324
[early_stop] epoch=136 best_epoch=76 best_val_loss=0.58795
completed in 14.13s
/home/xuelin/miniconda3/envs/pyg/lib/python3.11/site-packages/outdated/__init__.py:36: UserWarning: pkg_resources is deprecated as an API. See https://setuptools.pypa.io/en/latest/pkg_resources.html. The pkg_resources package is slated for removal as early as 2025-11-30. Refrain from using this package or pin to Setuptools<81.
  from pkg_resources import parse_version
[037/720] OK ds=PROTEINS model=NodeResGNN op=GINConv fold=2 time=16.1s
[epoch 0050] train_loss=0.60663	train_acc=0.69413	val_loss=0.59843	val_acc=0.68539	lr=0.00250	patience=10	residual_gate=0.78842
[epoch 0100] train_loss=0.57928	train_acc=0.71286	val_loss=0.59669	val_acc=0.73034	lr=0.00063	patience=42	residual_gate=0.78659
[early_stop] epoch=118 best_epoch=58 best_val_loss=0.58624
completed in 12.52s
/home/xuelin/miniconda3/envs/pyg/lib/python3.11/site-packages/outdated/__init__.py:36: UserWarning: pkg_resources is deprecated as an API. See https://setuptools.pypa.io/en/latest/pkg_resources.html. The pkg_resources package is slated for removal as early as 2025-11-30. Refrain from using this package or pin to Setuptools<81.
  from pkg_resources import parse_version
[038/720] OK ds=PROTEINS model=NodeResGNN op=GINConv fold=1 time=25.5s
[epoch 0100] train_loss=0.60077	train_acc=0.70662	val_loss=0.58617	val_acc=0.71910	lr=0.00125	patience=10	residual_gate=0.78831
[epoch 0150] train_loss=0.58833	train_acc=0.71286	val_loss=0.58002	val_acc=0.73034	lr=0.00031	patience=29	residual_gate=0.78814
[epoch 0200] train_loss=0.58942	train_acc=0.70287	val_loss=0.57773	val_acc=0.73034	lr=0.00004	patience=36	residual_gate=0.78826
completed in 21.59s
/home/xuelin/miniconda3/envs/pyg/lib/python3.11/site-packages/outdated/__init__.py:36: UserWarning: pkg_resources is deprecated as an API. See https://setuptools.pypa.io/en/latest/pkg_resources.html. The pkg_resources package is slated for removal as early as 2025-11-30. Refrain from using this package or pin to Setuptools<81.
  from pkg_resources import parse_version
[039/720] OK ds=PROTEINS model=NodeResGNN op=GINConv fold=4 time=13.2s
[epoch 0001] train_loss=0.73262	train_acc=0.57606	val_loss=0.68148	val_acc=0.56180	lr=0.00500	patience=0	residual_gate=0.79774
[epoch 0050] train_loss=0.58275	train_acc=0.72818	val_loss=0.68951	val_acc=0.65169	lr=0.00125	patience=36	residual_gate=0.79067
[early_stop] epoch=74 best_epoch=14 best_val_loss=0.64815
completed in 9.33s
/home/xuelin/miniconda3/envs/pyg/lib/python3.11/site-packages/outdated/__init__.py:36: UserWarning: pkg_resources is deprecated as an API. See https://setuptools.pypa.io/en/latest/pkg_resources.html. The pkg_resources package is slated for removal as early as 2025-11-30. Refrain from using this package or pin to Setuptools<81.
  from pkg_resources import parse_version
[040/720] OK ds=PROTEINS model=NodeResGNN op=GINConv fold=3 time=15.5s
[epoch 0001] train_loss=0.85197	train_acc=0.57232	val_loss=0.68841	val_acc=0.59551	lr=0.00500	patience=0	residual_gate=0.79785
[epoch 0050] train_loss=0.60287	train_acc=0.70324	val_loss=0.56841	val_acc=0.74157	lr=0.00500	patience=11	residual_gate=0.78517
[early_stop] epoch=99 best_epoch=39 best_val_loss=0.54517
completed in 11.57s
/home/xuelin/miniconda3/envs/pyg/lib/python3.11/site-packages/outdated/__init__.py:36: UserWarning: pkg_resources is deprecated as an API. See https://setuptools.pypa.io/en/latest/pkg_resources.html. The pkg_resources package is slated for removal as early as 2025-11-30. Refrain from using this package or pin to Setuptools<81.
  from pkg_resources import parse_version
[041/720] OK ds=PROTEINS model=NodeCrossGNN op=GCNConv fold=0 time=25.8s
[epoch 0100] train_loss=0.58539	train_acc=0.72160	val_loss=0.58427	val_acc=0.70787	lr=0.00075	patience=30	cross_gate=0.79901
[epoch 0150] train_loss=0.58738	train_acc=0.72285	val_loss=0.58168	val_acc=0.73034	lr=0.00005	patience=80	cross_gate=0.79902
[early_stop] epoch=150 best_epoch=70 best_val_loss=0.57555
completed in 22.11s
/home/xuelin/miniconda3/envs/pyg/lib/python3.11/site-packages/outdated/__init__.py:36: UserWarning: pkg_resources is deprecated as an API. See https://setuptools.pypa.io/en/latest/pkg_resources.html. The pkg_resources package is slated for removal as early as 2025-11-30. Refrain from using this package or pin to Setuptools<81.
  from pkg_resources import parse_version
[042/720] OK ds=PROTEINS model=NodeCrossGNN op=GCNConv fold=2 time=20.3s
[epoch 0001] train_loss=0.67729	train_acc=0.59800	val_loss=0.67444	val_acc=0.59551	lr=0.00300	patience=0	cross_gate=0.79887
[epoch 0050] train_loss=0.60077	train_acc=0.71161	val_loss=0.60000	val_acc=0.66292	lr=0.00075	patience=34	cross_gate=0.80155
[early_stop] epoch=96 best_epoch=16 best_val_loss=0.58567
completed in 16.55s
/home/xuelin/miniconda3/envs/pyg/lib/python3.11/site-packages/outdated/__init__.py:36: UserWarning: pkg_resources is deprecated as an API. See https://setuptools.pypa.io/en/latest/pkg_resources.html. The pkg_resources package is slated for removal as early as 2025-11-30. Refrain from using this package or pin to Setuptools<81.
  from pkg_resources import parse_version
[043/720] OK ds=PROTEINS model=NodeCrossGNN op=GCNConv fold=4 time=19.3s
[epoch 0001] train_loss=0.67394	train_acc=0.59601	val_loss=0.66527	val_acc=0.59551	lr=0.00300	patience=0	cross_gate=0.80115
[epoch 0050] train_loss=0.58491	train_acc=0.73566	val_loss=0.70225	val_acc=0.62921	lr=0.00075	patience=47	cross_gate=0.80385
[early_stop] epoch=83 best_epoch=3 best_val_loss=0.65024
completed in 15.50s
/home/xuelin/miniconda3/envs/pyg/lib/python3.11/site-packages/outdated/__init__.py:36: UserWarning: pkg_resources is deprecated as an API. See https://setuptools.pypa.io/en/latest/pkg_resources.html. The pkg_resources package is slated for removal as early as 2025-11-30. Refrain from using this package or pin to Setuptools<81.
  from pkg_resources import parse_version
[044/720] OK ds=PROTEINS model=NodeCrossGNN op=GCNConv fold=3 time=26.3s
[epoch 0050] train_loss=0.62186	train_acc=0.68953	val_loss=0.57058	val_acc=0.76404	lr=0.00300	patience=3	cross_gate=0.79918
[epoch 0100] train_loss=0.60216	train_acc=0.70574	val_loss=0.54846	val_acc=0.73034	lr=0.00038	patience=53	cross_gate=0.79901
[early_stop] epoch=127 best_epoch=47 best_val_loss=0.53214
completed in 22.59s
/home/xuelin/miniconda3/envs/pyg/lib/python3.11/site-packages/outdated/__init__.py:36: UserWarning: pkg_resources is deprecated as an API. See https://setuptools.pypa.io/en/latest/pkg_resources.html. The pkg_resources package is slated for removal as early as 2025-11-30. Refrain from using this package or pin to Setuptools<81.
  from pkg_resources import parse_version
[045/720] OK ds=PROTEINS model=NodeCrossGNN op=GCNConv fold=1 time=41.9s
[epoch 0150] train_loss=0.59171	train_acc=0.70412	val_loss=0.57244	val_acc=0.75281	lr=0.00038	patience=10	cross_gate=0.79890
[epoch 0200] train_loss=0.59205	train_acc=0.71161	val_loss=0.57186	val_acc=0.75281	lr=0.00009	patience=13	cross_gate=0.79920
[epoch 0240] train_loss=0.59255	train_acc=0.72659	val_loss=0.57242	val_acc=0.75281	lr=0.00001	patience=53	cross_gate=0.79924
completed in 38.20s
/home/xuelin/miniconda3/envs/pyg/lib/python3.11/site-packages/outdated/__init__.py:36: UserWarning: pkg_resources is deprecated as an API. See https://setuptools.pypa.io/en/latest/pkg_resources.html. The pkg_resources package is slated for removal as early as 2025-11-30. Refrain from using this package or pin to Setuptools<81.
  from pkg_resources import parse_version
[046/720] OK ds=PROTEINS model=NodeCrossGNN op=GATConv fold=0 time=33.4s
[epoch 0050] train_loss=0.58338	train_acc=0.72285	val_loss=0.57884	val_acc=0.71910	lr=0.00300	patience=8	cross_gate=0.80560
[epoch 0100] train_loss=0.56722	train_acc=0.74157	val_loss=0.57622	val_acc=0.71910	lr=0.00038	patience=58	cross_gate=0.80515
[early_stop] epoch=122 best_epoch=42 best_val_loss=0.56538
completed in 29.72s
/home/xuelin/miniconda3/envs/pyg/lib/python3.11/site-packages/outdated/__init__.py:36: UserWarning: pkg_resources is deprecated as an API. See https://setuptools.pypa.io/en/latest/pkg_resources.html. The pkg_resources package is slated for removal as early as 2025-11-30. Refrain from using this package or pin to Setuptools<81.
  from pkg_resources import parse_version
[047/720] OK ds=PROTEINS model=NodeCrossGNN op=GATConv fold=3 time=27.2s
[epoch 0001] train_loss=0.67748	train_acc=0.58978	val_loss=0.65521	val_acc=0.62921	lr=0.00300	patience=0	cross_gate=0.79956
[epoch 0050] train_loss=0.58412	train_acc=0.71446	val_loss=0.56317	val_acc=0.73034	lr=0.00075	patience=38	cross_gate=0.80730
[early_stop] epoch=92 best_epoch=12 best_val_loss=0.53390
completed in 23.59s
/home/xuelin/miniconda3/envs/pyg/lib/python3.11/site-packages/outdated/__init__.py:36: UserWarning: pkg_resources is deprecated as an API. See https://setuptools.pypa.io/en/latest/pkg_resources.html. The pkg_resources package is slated for removal as early as 2025-11-30. Refrain from using this package or pin to Setuptools<81.
  from pkg_resources import parse_version
[048/720] OK ds=PROTEINS model=NodeCrossGNN op=GATConv fold=4 time=24.9s
[epoch 0001] train_loss=0.67833	train_acc=0.59850	val_loss=0.66311	val_acc=0.61798	lr=0.00300	patience=0	cross_gate=0.79992
[epoch 0050] train_loss=0.57444	train_acc=0.73441	val_loss=0.67791	val_acc=0.61798	lr=0.00075	patience=46	cross_gate=0.80393
[early_stop] epoch=84 best_epoch=4 best_val_loss=0.64749
completed in 21.19s
/home/xuelin/miniconda3/envs/pyg/lib/python3.11/site-packages/outdated/__init__.py:36: UserWarning: pkg_resources is deprecated as an API. See https://setuptools.pypa.io/en/latest/pkg_resources.html. The pkg_resources package is slated for removal as early as 2025-11-30. Refrain from using this package or pin to Setuptools<81.
  from pkg_resources import parse_version
[049/720] OK ds=PROTEINS model=NodeCrossGNN op=GATConv fold=2 time=33.3s
[epoch 0050] train_loss=0.58914	train_acc=0.71660	val_loss=0.58288	val_acc=0.71910	lr=0.00300	patience=11	cross_gate=0.80255
[epoch 0100] train_loss=0.58336	train_acc=0.70911	val_loss=0.58177	val_acc=0.73034	lr=0.00038	patience=61	cross_gate=0.80191
[early_stop] epoch=119 best_epoch=39 best_val_loss=0.57849
completed in 29.60s
/home/xuelin/miniconda3/envs/pyg/lib/python3.11/site-packages/outdated/__init__.py:36: UserWarning: pkg_resources is deprecated as an API. See https://setuptools.pypa.io/en/latest/pkg_resources.html. The pkg_resources package is slated for removal as early as 2025-11-30. Refrain from using this package or pin to Setuptools<81.
  from pkg_resources import parse_version
[050/720] OK ds=PROTEINS model=NodeCrossGNN op=GATConv fold=1 time=43.7s
[epoch 0100] train_loss=0.58721	train_acc=0.72160	val_loss=0.57160	val_acc=0.74157	lr=0.00075	patience=5	cross_gate=0.80248
[epoch 0150] train_loss=0.58815	train_acc=0.71286	val_loss=0.57255	val_acc=0.75281	lr=0.00009	patience=55	cross_gate=0.80196
[early_stop] epoch=175 best_epoch=95 best_val_loss=0.56935
completed in 40.10s
/home/xuelin/miniconda3/envs/pyg/lib/python3.11/site-packages/outdated/__init__.py:36: UserWarning: pkg_resources is deprecated as an API. See https://setuptools.pypa.io/en/latest/pkg_resources.html. The pkg_resources package is slated for removal as early as 2025-11-30. Refrain from using this package or pin to Setuptools<81.
  from pkg_resources import parse_version
[051/720] OK ds=PROTEINS model=NodeCrossGNN op=SAGEConv fold=0 time=26.2s
[epoch 0050] train_loss=0.58848	train_acc=0.71910	val_loss=0.58901	val_acc=0.71910	lr=0.00300	patience=4	cross_gate=0.79548
[epoch 0100] train_loss=0.57561	train_acc=0.71785	val_loss=0.59192	val_acc=0.74157	lr=0.00038	patience=48	cross_gate=0.79753
[early_stop] epoch=132 best_epoch=52 best_val_loss=0.56411
completed in 22.54s
/home/xuelin/miniconda3/envs/pyg/lib/python3.11/site-packages/outdated/__init__.py:36: UserWarning: pkg_resources is deprecated as an API. See https://setuptools.pypa.io/en/latest/pkg_resources.html. The pkg_resources package is slated for removal as early as 2025-11-30. Refrain from using this package or pin to Setuptools<81.
  from pkg_resources import parse_version
[052/720] OK ds=PROTEINS model=NodeCrossGNN op=SAGEConv fold=2 time=22.9s
[epoch 0050] train_loss=0.59958	train_acc=0.69663	val_loss=0.58355	val_acc=0.69663	lr=0.00300	patience=10	cross_gate=0.79294
[epoch 0100] train_loss=0.59097	train_acc=0.71910	val_loss=0.59437	val_acc=0.70787	lr=0.00038	patience=60	cross_gate=0.79187
[early_stop] epoch=120 best_epoch=40 best_val_loss=0.57959
completed in 19.30s
/home/xuelin/miniconda3/envs/pyg/lib/python3.11/site-packages/outdated/__init__.py:36: UserWarning: pkg_resources is deprecated as an API. See https://setuptools.pypa.io/en/latest/pkg_resources.html. The pkg_resources package is slated for removal as early as 2025-11-30. Refrain from using this package or pin to Setuptools<81.
  from pkg_resources import parse_version
[053/720] OK ds=PROTEINS model=NodeCrossGNN op=SAGEConv fold=4 time=18.8s
[epoch 0001] train_loss=0.71314	train_acc=0.59352	val_loss=0.72782	val_acc=0.40449	lr=0.00300	patience=0	cross_gate=0.79957
[epoch 0050] train_loss=0.58253	train_acc=0.74190	val_loss=0.68683	val_acc=0.65169	lr=0.00075	patience=42	cross_gate=0.79745
[early_stop] epoch=88 best_epoch=8 best_val_loss=0.65261
completed in 15.12s
/home/xuelin/miniconda3/envs/pyg/lib/python3.11/site-packages/outdated/__init__.py:36: UserWarning: pkg_resources is deprecated as an API. See https://setuptools.pypa.io/en/latest/pkg_resources.html. The pkg_resources package is slated for removal as early as 2025-11-30. Refrain from using this package or pin to Setuptools<81.
  from pkg_resources import parse_version
[054/720] OK ds=PROTEINS model=NodeCrossGNN op=SAGEConv fold=3 time=24.7s
[epoch 0050] train_loss=0.60390	train_acc=0.69825	val_loss=0.54541	val_acc=0.74157	lr=0.00150	patience=0	cross_gate=0.79248
[epoch 0100] train_loss=0.58375	train_acc=0.71072	val_loss=0.56579	val_acc=0.74157	lr=0.00019	patience=50	cross_gate=0.79442
[early_stop] epoch=130 best_epoch=50 best_val_loss=0.54541
completed in 21.01s
/home/xuelin/miniconda3/envs/pyg/lib/python3.11/site-packages/outdated/__init__.py:36: UserWarning: pkg_resources is deprecated as an API. See https://setuptools.pypa.io/en/latest/pkg_resources.html. The pkg_resources package is slated for removal as early as 2025-11-30. Refrain from using this package or pin to Setuptools<81.
  from pkg_resources import parse_version
[055/720] OK ds=PROTEINS model=NodeCrossGNN op=SAGEConv fold=1 time=42.5s
[epoch 0150] train_loss=0.59423	train_acc=0.69538	val_loss=0.55021	val_acc=0.75281	lr=0.00150	patience=0	cross_gate=0.79689
[epoch 0200] train_loss=0.56470	train_acc=0.71411	val_loss=0.55153	val_acc=0.73034	lr=0.00075	patience=13	cross_gate=0.79807
[epoch 0240] train_loss=0.56827	train_acc=0.71411	val_loss=0.54716	val_acc=0.75281	lr=0.00019	patience=37	cross_gate=0.79936
completed in 38.80s
/home/xuelin/miniconda3/envs/pyg/lib/python3.11/site-packages/outdated/__init__.py:36: UserWarning: pkg_resources is deprecated as an API. See https://setuptools.pypa.io/en/latest/pkg_resources.html. The pkg_resources package is slated for removal as early as 2025-11-30. Refrain from using this package or pin to Setuptools<81.
  from pkg_resources import parse_version
[056/720] OK ds=PROTEINS model=NodeCrossGNN op=GINConv fold=0 time=26.5s
[epoch 0050] train_loss=0.60846	train_acc=0.68040	val_loss=0.61655	val_acc=0.73034	lr=0.00300	patience=4	cross_gate=0.79025
[epoch 0100] train_loss=0.56366	train_acc=0.72534	val_loss=0.60960	val_acc=0.74157	lr=0.00075	patience=45	cross_gate=0.78961
[early_stop] epoch=135 best_epoch=55 best_val_loss=0.58977
completed in 22.94s
/home/xuelin/miniconda3/envs/pyg/lib/python3.11/site-packages/outdated/__init__.py:36: UserWarning: pkg_resources is deprecated as an API. See https://setuptools.pypa.io/en/latest/pkg_resources.html. The pkg_resources package is slated for removal as early as 2025-11-30. Refrain from using this package or pin to Setuptools<81.
  from pkg_resources import parse_version
[057/720] OK ds=PROTEINS model=NodeCrossGNN op=GINConv fold=4 time=22.5s
[epoch 0001] train_loss=1.11751	train_acc=0.53741	val_loss=0.69329	val_acc=0.49438	lr=0.00300	patience=0	cross_gate=0.79829
[epoch 0050] train_loss=0.58151	train_acc=0.74564	val_loss=0.67793	val_acc=0.65169	lr=0.00075	patience=42	cross_gate=0.79248
[early_stop] epoch=88 best_epoch=8 best_val_loss=0.63894
completed in 18.78s
/home/xuelin/miniconda3/envs/pyg/lib/python3.11/site-packages/outdated/__init__.py:36: UserWarning: pkg_resources is deprecated as an API. See https://setuptools.pypa.io/en/latest/pkg_resources.html. The pkg_resources package is slated for removal as early as 2025-11-30. Refrain from using this package or pin to Setuptools<81.
  from pkg_resources import parse_version
[058/720] OK ds=PROTEINS model=GraphResGNN op=GCNConv fold=0 time=22.6s
[epoch 0001] train_loss=0.67804	train_acc=0.59551	val_loss=0.67473	val_acc=0.59551	lr=0.00500	patience=0	blocks.0.graph_gate=0.80000	blocks.1.graph_gate=0.79695	blocks.2.graph_gate=0.79733
[epoch 0050] train_loss=0.54009	train_acc=0.73533	val_loss=0.58391	val_acc=0.69663	lr=0.00125	patience=37	blocks.0.graph_gate=0.80000	blocks.1.graph_gate=0.79332	blocks.2.graph_gate=0.79094
[early_stop] epoch=73 best_epoch=13 best_val_loss=0.56635
completed in 18.91s
/home/xuelin/miniconda3/envs/pyg/lib/python3.11/site-packages/outdated/__init__.py:36: UserWarning: pkg_resources is deprecated as an API. See https://setuptools.pypa.io/en/latest/pkg_resources.html. The pkg_resources package is slated for removal as early as 2025-11-30. Refrain from using this package or pin to Setuptools<81.
  from pkg_resources import parse_version
[059/720] OK ds=PROTEINS model=NodeCrossGNN op=GINConv fold=2 time=31.6s
[epoch 0050] train_loss=0.62939	train_acc=0.67416	val_loss=0.65114	val_acc=0.64045	lr=0.00150	patience=23	cross_gate=0.79216
[epoch 0100] train_loss=0.58578	train_acc=0.71660	val_loss=0.60643	val_acc=0.69663	lr=0.00019	patience=38	cross_gate=0.79186
[early_stop] epoch=142 best_epoch=62 best_val_loss=0.59484
completed in 27.87s
/home/xuelin/miniconda3/envs/pyg/lib/python3.11/site-packages/outdated/__init__.py:36: UserWarning: pkg_resources is deprecated as an API. See https://setuptools.pypa.io/en/latest/pkg_resources.html. The pkg_resources package is slated for removal as early as 2025-11-30. Refrain from using this package or pin to Setuptools<81.
  from pkg_resources import parse_version
[060/720] OK ds=PROTEINS model=NodeCrossGNN op=GINConv fold=1 time=42.0s
[epoch 0150] train_loss=0.57003	train_acc=0.72784	val_loss=0.56970	val_acc=0.75281	lr=0.00019	patience=21	cross_gate=0.79076
[epoch 0200] train_loss=0.55796	train_acc=0.72659	val_loss=0.57425	val_acc=0.75281	lr=0.00002	patience=71	cross_gate=0.79109
[early_stop] epoch=209 best_epoch=129 best_val_loss=0.56612
completed in 38.26s
/home/xuelin/miniconda3/envs/pyg/lib/python3.11/site-packages/outdated/__init__.py:36: UserWarning: pkg_resources is deprecated as an API. See https://setuptools.pypa.io/en/latest/pkg_resources.html. The pkg_resources package is slated for removal as early as 2025-11-30. Refrain from using this package or pin to Setuptools<81.
  from pkg_resources import parse_version
[061/720] OK ds=PROTEINS model=NodeCrossGNN op=GINConv fold=3 time=37.6s
[epoch 0100] train_loss=0.58923	train_acc=0.71571	val_loss=0.58040	val_acc=0.73034	lr=0.00075	patience=24	cross_gate=0.78983
[epoch 0150] train_loss=0.57540	train_acc=0.71696	val_loss=0.56304	val_acc=0.71910	lr=0.00019	patience=46	cross_gate=0.78967
[early_stop] epoch=184 best_epoch=104 best_val_loss=0.53837
completed in 34.04s
/home/xuelin/miniconda3/envs/pyg/lib/python3.11/site-packages/outdated/__init__.py:36: UserWarning: pkg_resources is deprecated as an API. See https://setuptools.pypa.io/en/latest/pkg_resources.html. The pkg_resources package is slated for removal as early as 2025-11-30. Refrain from using this package or pin to Setuptools<81.
  from pkg_resources import parse_version
[062/720] OK ds=PROTEINS model=GraphResGNN op=GCNConv fold=2 time=25.9s
[epoch 0001] train_loss=0.68186	train_acc=0.59675	val_loss=0.67157	val_acc=0.59551	lr=0.00500	patience=0	blocks.0.graph_gate=0.80000	blocks.1.graph_gate=0.79766	blocks.2.graph_gate=0.79783
[epoch 0050] train_loss=0.55870	train_acc=0.72659	val_loss=0.57350	val_acc=0.73034	lr=0.00125	patience=33	blocks.0.graph_gate=0.80000	blocks.1.graph_gate=0.79059	blocks.2.graph_gate=0.78932
[early_stop] epoch=77 best_epoch=17 best_val_loss=0.56945
completed in 22.24s
/home/xuelin/miniconda3/envs/pyg/lib/python3.11/site-packages/outdated/__init__.py:36: UserWarning: pkg_resources is deprecated as an API. See https://setuptools.pypa.io/en/latest/pkg_resources.html. The pkg_resources package is slated for removal as early as 2025-11-30. Refrain from using this package or pin to Setuptools<81.
  from pkg_resources import parse_version
[063/720] OK ds=PROTEINS model=GraphResGNN op=GCNConv fold=3 time=25.7s
[epoch 0001] train_loss=0.67838	train_acc=0.59601	val_loss=0.67204	val_acc=0.59551	lr=0.00500	patience=0	blocks.0.graph_gate=0.80000	blocks.1.graph_gate=0.79712	blocks.2.graph_gate=0.79734
[epoch 0050] train_loss=0.55186	train_acc=0.71197	val_loss=0.54537	val_acc=0.71910	lr=0.00125	patience=37	blocks.0.graph_gate=0.80000	blocks.1.graph_gate=0.79035	blocks.2.graph_gate=0.78778
[early_stop] epoch=73 best_epoch=13 best_val_loss=0.51556
completed in 21.95s
/home/xuelin/miniconda3/envs/pyg/lib/python3.11/site-packages/outdated/__init__.py:36: UserWarning: pkg_resources is deprecated as an API. See https://setuptools.pypa.io/en/latest/pkg_resources.html. The pkg_resources package is slated for removal as early as 2025-11-30. Refrain from using this package or pin to Setuptools<81.
  from pkg_resources import parse_version
[064/720] OK ds=PROTEINS model=GraphResGNN op=GCNConv fold=1 time=42.3s
[epoch 0100] train_loss=0.55956	train_acc=0.72659	val_loss=0.51640	val_acc=0.79775	lr=0.00125	patience=10	blocks.0.graph_gate=0.80000	blocks.1.graph_gate=0.78795	blocks.2.graph_gate=0.78371
[epoch 0150] train_loss=0.55358	train_acc=0.72534	val_loss=0.50521	val_acc=0.77528	lr=0.00016	patience=60	blocks.0.graph_gate=0.80000	blocks.1.graph_gate=0.78899	blocks.2.graph_gate=0.78438
[early_stop] epoch=150 best_epoch=90 best_val_loss=0.50109
completed in 38.61s
/home/xuelin/miniconda3/envs/pyg/lib/python3.11/site-packages/outdated/__init__.py:36: UserWarning: pkg_resources is deprecated as an API. See https://setuptools.pypa.io/en/latest/pkg_resources.html. The pkg_resources package is slated for removal as early as 2025-11-30. Refrain from using this package or pin to Setuptools<81.
  from pkg_resources import parse_version
[065/720] OK ds=PROTEINS model=GraphResGNN op=GCNConv fold=4 time=34.7s
[epoch 0050] train_loss=0.52629	train_acc=0.74813	val_loss=0.62413	val_acc=0.68539	lr=0.00250	patience=2	blocks.0.graph_gate=0.80000	blocks.1.graph_gate=0.79367	blocks.2.graph_gate=0.79147
[epoch 0100] train_loss=0.52167	train_acc=0.75436	val_loss=0.61212	val_acc=0.66292	lr=0.00031	patience=52	blocks.0.graph_gate=0.80000	blocks.1.graph_gate=0.79220	blocks.2.graph_gate=0.79177
[early_stop] epoch=108 best_epoch=48 best_val_loss=0.58706
completed in 30.97s
/home/xuelin/miniconda3/envs/pyg/lib/python3.11/site-packages/outdated/__init__.py:36: UserWarning: pkg_resources is deprecated as an API. See https://setuptools.pypa.io/en/latest/pkg_resources.html. The pkg_resources package is slated for removal as early as 2025-11-30. Refrain from using this package or pin to Setuptools<81.
  from pkg_resources import parse_version
[066/720] OK ds=PROTEINS model=GraphResGNN op=GATConv fold=1 time=51.1s
[epoch 0050] train_loss=0.57148	train_acc=0.71536	val_loss=0.57777	val_acc=0.73034	lr=0.00250	patience=29	blocks.0.graph_gate=0.80000	blocks.1.graph_gate=0.79249	blocks.2.graph_gate=0.78927
[epoch 0100] train_loss=0.54990	train_acc=0.73034	val_loss=0.59416	val_acc=0.71910	lr=0.00063	patience=45	blocks.0.graph_gate=0.80000	blocks.1.graph_gate=0.79446	blocks.2.graph_gate=0.79047
[early_stop] epoch=115 best_epoch=55 best_val_loss=0.55471
completed in 47.55s
/home/xuelin/miniconda3/envs/pyg/lib/python3.11/site-packages/outdated/__init__.py:36: UserWarning: pkg_resources is deprecated as an API. See https://setuptools.pypa.io/en/latest/pkg_resources.html. The pkg_resources package is slated for removal as early as 2025-11-30. Refrain from using this package or pin to Setuptools<81.
  from pkg_resources import parse_version
[067/720] OK ds=PROTEINS model=GraphResGNN op=GATConv fold=0 time=58.0s
[epoch 0050] train_loss=0.53907	train_acc=0.74407	val_loss=0.57437	val_acc=0.69663	lr=0.00125	patience=3	blocks.0.graph_gate=0.80000	blocks.1.graph_gate=0.79365	blocks.2.graph_gate=0.79552
[epoch 0100] train_loss=0.53983	train_acc=0.74657	val_loss=0.56887	val_acc=0.70787	lr=0.00031	patience=27	blocks.0.graph_gate=0.80000	blocks.1.graph_gate=0.79424	blocks.2.graph_gate=0.79566
[early_stop] epoch=133 best_epoch=73 best_val_loss=0.56857
completed in 54.35s
/home/xuelin/miniconda3/envs/pyg/lib/python3.11/site-packages/outdated/__init__.py:36: UserWarning: pkg_resources is deprecated as an API. See https://setuptools.pypa.io/en/latest/pkg_resources.html. The pkg_resources package is slated for removal as early as 2025-11-30. Refrain from using this package or pin to Setuptools<81.
  from pkg_resources import parse_version
[068/720] OK ds=PROTEINS model=GraphResGNN op=GATConv fold=2 time=38.9s
[epoch 0001] train_loss=0.69151	train_acc=0.59675	val_loss=0.67904	val_acc=0.59551	lr=0.00500	patience=0	blocks.0.graph_gate=0.80000	blocks.1.graph_gate=0.79722	blocks.2.graph_gate=0.79726
[epoch 0050] train_loss=0.55194	train_acc=0.72160	val_loss=0.60654	val_acc=0.73034	lr=0.00250	patience=27	blocks.0.graph_gate=0.80000	blocks.1.graph_gate=0.78903	blocks.2.graph_gate=0.78450
[early_stop] epoch=83 best_epoch=23 best_val_loss=0.57572
completed in 35.09s
/home/xuelin/miniconda3/envs/pyg/lib/python3.11/site-packages/outdated/__init__.py:36: UserWarning: pkg_resources is deprecated as an API. See https://setuptools.pypa.io/en/latest/pkg_resources.html. The pkg_resources package is slated for removal as early as 2025-11-30. Refrain from using this package or pin to Setuptools<81.
  from pkg_resources import parse_version
[069/720] OK ds=PROTEINS model=GraphResGNN op=GATConv fold=3 time=39.3s
[epoch 0001] train_loss=0.68040	train_acc=0.59601	val_loss=0.67234	val_acc=0.59551	lr=0.00500	patience=0	blocks.0.graph_gate=0.80000	blocks.1.graph_gate=0.79730	blocks.2.graph_gate=0.79744
[epoch 0050] train_loss=0.57181	train_acc=0.69825	val_loss=0.55916	val_acc=0.75281	lr=0.00250	patience=26	blocks.0.graph_gate=0.80000	blocks.1.graph_gate=0.78851	blocks.2.graph_gate=0.78810
[early_stop] epoch=84 best_epoch=24 best_val_loss=0.52998
completed in 35.54s
/home/xuelin/miniconda3/envs/pyg/lib/python3.11/site-packages/outdated/__init__.py:36: UserWarning: pkg_resources is deprecated as an API. See https://setuptools.pypa.io/en/latest/pkg_resources.html. The pkg_resources package is slated for removal as early as 2025-11-30. Refrain from using this package or pin to Setuptools<81.
  from pkg_resources import parse_version
[070/720] OK ds=PROTEINS model=GraphResGNN op=SAGEConv fold=0 time=38.1s
[epoch 0050] train_loss=0.55440	train_acc=0.74032	val_loss=0.58074	val_acc=0.71910	lr=0.00250	patience=19	blocks.0.graph_gate=0.80000	blocks.1.graph_gate=0.78596	blocks.2.graph_gate=0.78699
[epoch 0100] train_loss=0.54358	train_acc=0.74407	val_loss=0.55296	val_acc=0.71910	lr=0.00125	patience=30	blocks.0.graph_gate=0.80000	blocks.1.graph_gate=0.78389	blocks.2.graph_gate=0.78561
[early_stop] epoch=130 best_epoch=70 best_val_loss=0.54207
completed in 34.61s
/home/xuelin/miniconda3/envs/pyg/lib/python3.11/site-packages/outdated/__init__.py:36: UserWarning: pkg_resources is deprecated as an API. See https://setuptools.pypa.io/en/latest/pkg_resources.html. The pkg_resources package is slated for removal as early as 2025-11-30. Refrain from using this package or pin to Setuptools<81.
  from pkg_resources import parse_version
[071/720] OK ds=PROTEINS model=GraphResGNN op=GATConv fold=4 time=49.6s
[epoch 0050] train_loss=0.56154	train_acc=0.75187	val_loss=0.62246	val_acc=0.65169	lr=0.00500	patience=5	blocks.0.graph_gate=0.80000	blocks.1.graph_gate=0.78950	blocks.2.graph_gate=0.78741
[epoch 0100] train_loss=0.51953	train_acc=0.77057	val_loss=0.64876	val_acc=0.68539	lr=0.00125	patience=45	blocks.0.graph_gate=0.80000	blocks.1.graph_gate=0.78948	blocks.2.graph_gate=0.78472
[early_stop] epoch=115 best_epoch=55 best_val_loss=0.56730
completed in 45.83s
/home/xuelin/miniconda3/envs/pyg/lib/python3.11/site-packages/outdated/__init__.py:36: UserWarning: pkg_resources is deprecated as an API. See https://setuptools.pypa.io/en/latest/pkg_resources.html. The pkg_resources package is slated for removal as early as 2025-11-30. Refrain from using this package or pin to Setuptools<81.
  from pkg_resources import parse_version
[072/720] OK ds=PROTEINS model=GraphResGNN op=SAGEConv fold=2 time=27.2s
[epoch 0001] train_loss=0.75233	train_acc=0.54557	val_loss=0.68540	val_acc=0.59551	lr=0.00500	patience=0	blocks.0.graph_gate=0.80000	blocks.1.graph_gate=0.79772	blocks.2.graph_gate=0.79770
[epoch 0050] train_loss=0.55295	train_acc=0.72534	val_loss=0.58987	val_acc=0.71910	lr=0.00250	patience=24	blocks.0.graph_gate=0.80000	blocks.1.graph_gate=0.79095	blocks.2.graph_gate=0.78821
[early_stop] epoch=86 best_epoch=26 best_val_loss=0.57459
completed in 23.63s
/home/xuelin/miniconda3/envs/pyg/lib/python3.11/site-packages/outdated/__init__.py:36: UserWarning: pkg_resources is deprecated as an API. See https://setuptools.pypa.io/en/latest/pkg_resources.html. The pkg_resources package is slated for removal as early as 2025-11-30. Refrain from using this package or pin to Setuptools<81.
  from pkg_resources import parse_version
[073/720] OK ds=PROTEINS model=GraphResGNN op=SAGEConv fold=3 time=28.5s
[epoch 0001] train_loss=0.75184	train_acc=0.53117	val_loss=0.68162	val_acc=0.59551	lr=0.00500	patience=0	blocks.0.graph_gate=0.80000	blocks.1.graph_gate=0.79770	blocks.2.graph_gate=0.79767
[epoch 0050] train_loss=0.55442	train_acc=0.73940	val_loss=0.54775	val_acc=0.71910	lr=0.00250	patience=24	blocks.0.graph_gate=0.80000	blocks.1.graph_gate=0.78388	blocks.2.graph_gate=0.78827
[early_stop] epoch=86 best_epoch=26 best_val_loss=0.52786
completed in 24.68s
/home/xuelin/miniconda3/envs/pyg/lib/python3.11/site-packages/outdated/__init__.py:36: UserWarning: pkg_resources is deprecated as an API. See https://setuptools.pypa.io/en/latest/pkg_resources.html. The pkg_resources package is slated for removal as early as 2025-11-30. Refrain from using this package or pin to Setuptools<81.
  from pkg_resources import parse_version
[074/720] OK ds=PROTEINS model=GraphResGNN op=SAGEConv fold=4 time=35.6s
[epoch 0050] train_loss=0.54773	train_acc=0.74190	val_loss=0.62921	val_acc=0.67416	lr=0.00250	patience=17	blocks.0.graph_gate=0.80000	blocks.1.graph_gate=0.78453	blocks.2.graph_gate=0.78736
[epoch 0100] train_loss=0.52541	train_acc=0.75935	val_loss=0.63261	val_acc=0.67416	lr=0.00031	patience=49	blocks.0.graph_gate=0.80000	blocks.1.graph_gate=0.78065	blocks.2.graph_gate=0.78551
[early_stop] epoch=111 best_epoch=51 best_val_loss=0.60244
completed in 31.85s
/home/xuelin/miniconda3/envs/pyg/lib/python3.11/site-packages/outdated/__init__.py:36: UserWarning: pkg_resources is deprecated as an API. See https://setuptools.pypa.io/en/latest/pkg_resources.html. The pkg_resources package is slated for removal as early as 2025-11-30. Refrain from using this package or pin to Setuptools<81.
  from pkg_resources import parse_version
[075/720] OK ds=PROTEINS model=GraphResGNN op=SAGEConv fold=1 time=54.5s
[epoch 0100] train_loss=0.54455	train_acc=0.73159	val_loss=0.53295	val_acc=0.73034	lr=0.00250	patience=16	blocks.0.graph_gate=0.80000	blocks.1.graph_gate=0.77259	blocks.2.graph_gate=0.78255
[epoch 0150] train_loss=0.54240	train_acc=0.71785	val_loss=0.52978	val_acc=0.74157	lr=0.00063	patience=30	blocks.0.graph_gate=0.80000	blocks.1.graph_gate=0.77184	blocks.2.graph_gate=0.78204
[early_stop] epoch=180 best_epoch=120 best_val_loss=0.51184
completed in 50.72s
/home/xuelin/miniconda3/envs/pyg/lib/python3.11/site-packages/outdated/__init__.py:36: UserWarning: pkg_resources is deprecated as an API. See https://setuptools.pypa.io/en/latest/pkg_resources.html. The pkg_resources package is slated for removal as early as 2025-11-30. Refrain from using this package or pin to Setuptools<81.
  from pkg_resources import parse_version
[076/720] OK ds=PROTEINS model=GraphResGNN op=GINConv fold=0 time=39.2s
[epoch 0050] train_loss=0.55302	train_acc=0.73034	val_loss=0.59006	val_acc=0.70787	lr=0.00250	patience=5	blocks.0.graph_gate=0.80000	blocks.1.graph_gate=0.78358	blocks.2.graph_gate=0.78587
[epoch 0100] train_loss=0.52017	train_acc=0.75406	val_loss=0.59531	val_acc=0.71910	lr=0.00031	patience=55	blocks.0.graph_gate=0.80000	blocks.1.graph_gate=0.78072	blocks.2.graph_gate=0.78604
[early_stop] epoch=105 best_epoch=45 best_val_loss=0.57706
completed in 35.37s
/home/xuelin/miniconda3/envs/pyg/lib/python3.11/site-packages/outdated/__init__.py:36: UserWarning: pkg_resources is deprecated as an API. See https://setuptools.pypa.io/en/latest/pkg_resources.html. The pkg_resources package is slated for removal as early as 2025-11-30. Refrain from using this package or pin to Setuptools<81.
  from pkg_resources import parse_version
[077/720] OK ds=PROTEINS model=GraphResGNN op=GINConv fold=3 time=32.8s
[epoch 0001] train_loss=1.57652	train_acc=0.43142	val_loss=0.67183	val_acc=0.59551	lr=0.00500	patience=0	blocks.0.graph_gate=0.80000	blocks.1.graph_gate=0.79724	blocks.2.graph_gate=0.79704
[epoch 0050] train_loss=0.59017	train_acc=0.70823	val_loss=0.56476	val_acc=0.73034	lr=0.00250	patience=26	blocks.0.graph_gate=0.80000	blocks.1.graph_gate=0.77787	blocks.2.graph_gate=0.78188
[early_stop] epoch=84 best_epoch=24 best_val_loss=0.53068
completed in 29.07s
/home/xuelin/miniconda3/envs/pyg/lib/python3.11/site-packages/outdated/__init__.py:36: UserWarning: pkg_resources is deprecated as an API. See https://setuptools.pypa.io/en/latest/pkg_resources.html. The pkg_resources package is slated for removal as early as 2025-11-30. Refrain from using this package or pin to Setuptools<81.
  from pkg_resources import parse_version
[078/720] OK ds=PROTEINS model=GraphResGNN op=GINConv fold=2 time=38.1s
[epoch 0050] train_loss=0.57686	train_acc=0.72160	val_loss=0.60081	val_acc=0.71910	lr=0.00500	patience=8	blocks.0.graph_gate=0.80000	blocks.1.graph_gate=0.77982	blocks.2.graph_gate=0.78226
[epoch 0100] train_loss=0.54156	train_acc=0.74032	val_loss=0.56919	val_acc=0.75281	lr=0.00063	patience=58	blocks.0.graph_gate=0.80000	blocks.1.graph_gate=0.77540	blocks.2.graph_gate=0.77712
[early_stop] epoch=102 best_epoch=42 best_val_loss=0.55923
completed in 34.44s
/home/xuelin/miniconda3/envs/pyg/lib/python3.11/site-packages/outdated/__init__.py:36: UserWarning: pkg_resources is deprecated as an API. See https://setuptools.pypa.io/en/latest/pkg_resources.html. The pkg_resources package is slated for removal as early as 2025-11-30. Refrain from using this package or pin to Setuptools<81.
  from pkg_resources import parse_version
[079/720] OK ds=PROTEINS model=GraphResGNN op=GINConv fold=1 time=69.0s
[epoch 0100] train_loss=0.57768	train_acc=0.71785	val_loss=0.57892	val_acc=0.74157	lr=0.00063	patience=37	blocks.0.graph_gate=0.80000	blocks.1.graph_gate=0.77989	blocks.2.graph_gate=0.77889
[epoch 0150] train_loss=0.56934	train_acc=0.72285	val_loss=0.57487	val_acc=0.74157	lr=0.00016	patience=1	blocks.0.graph_gate=0.80000	blocks.1.graph_gate=0.77978	blocks.2.graph_gate=0.77881
[epoch 0200] train_loss=0.56103	train_acc=0.73658	val_loss=0.58115	val_acc=0.73034	lr=0.00002	patience=51	blocks.0.graph_gate=0.80000	blocks.1.graph_gate=0.77990	blocks.2.graph_gate=0.77894
completed in 65.15s
/home/xuelin/miniconda3/envs/pyg/lib/python3.11/site-packages/outdated/__init__.py:36: UserWarning: pkg_resources is deprecated as an API. See https://setuptools.pypa.io/en/latest/pkg_resources.html. The pkg_resources package is slated for removal as early as 2025-11-30. Refrain from using this package or pin to Setuptools<81.
  from pkg_resources import parse_version
[080/720] OK ds=PROTEINS model=GraphResGNN op=GINConv fold=4 time=52.0s
[epoch 0050] train_loss=0.57779	train_acc=0.72693	val_loss=0.63613	val_acc=0.64045	lr=0.00500	patience=8	blocks.0.graph_gate=0.80000	blocks.1.graph_gate=0.78002	blocks.2.graph_gate=0.77975
[epoch 0100] train_loss=0.53058	train_acc=0.76185	val_loss=0.59970	val_acc=0.69663	lr=0.00250	patience=12	blocks.0.graph_gate=0.80000	blocks.1.graph_gate=0.77053	blocks.2.graph_gate=0.77443
[early_stop] epoch=148 best_epoch=88 best_val_loss=0.56259
completed in 48.18s
/home/xuelin/miniconda3/envs/pyg/lib/python3.11/site-packages/outdated/__init__.py:36: UserWarning: pkg_resources is deprecated as an API. See https://setuptools.pypa.io/en/latest/pkg_resources.html. The pkg_resources package is slated for removal as early as 2025-11-30. Refrain from using this package or pin to Setuptools<81.
  from pkg_resources import parse_version
[081/720] OK ds=PROTEINS model=GraphCrossGNN op=GCNConv fold=3 time=37.8s
[epoch 0050] train_loss=0.60608	train_acc=0.68204	val_loss=0.55369	val_acc=0.75281	lr=0.00150	patience=30	blocks.0.graph_gate=0.80000	blocks.1.graph_gate=0.80000	blocks.2.graph_gate=0.80697	blocks.3.graph_gate=0.79531
[epoch 0100] train_loss=0.59297	train_acc=0.70823	val_loss=0.54977	val_acc=0.76404	lr=0.00009	patience=80	blocks.0.graph_gate=0.80000	blocks.1.graph_gate=0.80000	blocks.2.graph_gate=0.80663	blocks.3.graph_gate=0.79477
[early_stop] epoch=100 best_epoch=20 best_val_loss=0.53208
completed in 34.01s
/home/xuelin/miniconda3/envs/pyg/lib/python3.11/site-packages/outdated/__init__.py:36: UserWarning: pkg_resources is deprecated as an API. See https://setuptools.pypa.io/en/latest/pkg_resources.html. The pkg_resources package is slated for removal as early as 2025-11-30. Refrain from using this package or pin to Setuptools<81.
  from pkg_resources import parse_version
[082/720] OK ds=PROTEINS model=GraphCrossGNN op=GCNConv fold=2 time=43.9s
[epoch 0050] train_loss=0.60006	train_acc=0.70787	val_loss=0.60717	val_acc=0.68539	lr=0.00150	patience=10	blocks.0.graph_gate=0.80000	blocks.1.graph_gate=0.80000	blocks.2.graph_gate=0.80256	blocks.3.graph_gate=0.79175
[epoch 0100] train_loss=0.59772	train_acc=0.71161	val_loss=0.59477	val_acc=0.70787	lr=0.00019	patience=60	blocks.0.graph_gate=0.80000	blocks.1.graph_gate=0.80000	blocks.2.graph_gate=0.80244	blocks.3.graph_gate=0.79202
[early_stop] epoch=120 best_epoch=40 best_val_loss=0.58788
completed in 40.12s
/home/xuelin/miniconda3/envs/pyg/lib/python3.11/site-packages/outdated/__init__.py:36: UserWarning: pkg_resources is deprecated as an API. See https://setuptools.pypa.io/en/latest/pkg_resources.html. The pkg_resources package is slated for removal as early as 2025-11-30. Refrain from using this package or pin to Setuptools<81.
  from pkg_resources import parse_version
[083/720] OK ds=PROTEINS model=GraphCrossGNN op=GCNConv fold=0 time=65.7s
[epoch 0100] train_loss=0.58517	train_acc=0.73034	val_loss=0.57893	val_acc=0.69663	lr=0.00075	patience=10	blocks.0.graph_gate=0.80000	blocks.1.graph_gate=0.80000	blocks.2.graph_gate=0.79909	blocks.3.graph_gate=0.79516
[epoch 0150] train_loss=0.57951	train_acc=0.72035	val_loss=0.57412	val_acc=0.73034	lr=0.00019	patience=45	blocks.0.graph_gate=0.80000	blocks.1.graph_gate=0.80000	blocks.2.graph_gate=0.79815	blocks.3.graph_gate=0.79671
[early_stop] epoch=185 best_epoch=105 best_val_loss=0.56492
completed in 61.95s
/home/xuelin/miniconda3/envs/pyg/lib/python3.11/site-packages/outdated/__init__.py:36: UserWarning: pkg_resources is deprecated as an API. See https://setuptools.pypa.io/en/latest/pkg_resources.html. The pkg_resources package is slated for removal as early as 2025-11-30. Refrain from using this package or pin to Setuptools<81.
  from pkg_resources import parse_version
[084/720] OK ds=PROTEINS model=GraphCrossGNN op=GCNConv fold=4 time=35.0s
[epoch 0001] train_loss=0.68668	train_acc=0.53865	val_loss=0.67795	val_acc=0.59551	lr=0.00300	patience=0	blocks.0.graph_gate=0.80000	blocks.1.graph_gate=0.80000	blocks.2.graph_gate=0.79964	blocks.3.graph_gate=0.80025
[epoch 0050] train_loss=0.57842	train_acc=0.73691	val_loss=0.69572	val_acc=0.66292	lr=0.00075	patience=40	blocks.0.graph_gate=0.80000	blocks.1.graph_gate=0.80000	blocks.2.graph_gate=0.80134	blocks.3.graph_gate=0.79831
[early_stop] epoch=90 best_epoch=10 best_val_loss=0.64752
completed in 31.11s
/home/xuelin/miniconda3/envs/pyg/lib/python3.11/site-packages/outdated/__init__.py:36: UserWarning: pkg_resources is deprecated as an API. See https://setuptools.pypa.io/en/latest/pkg_resources.html. The pkg_resources package is slated for removal as early as 2025-11-30. Refrain from using this package or pin to Setuptools<81.
  from pkg_resources import parse_version
[085/720] OK ds=PROTEINS model=GraphCrossGNN op=GCNConv fold=1 time=76.6s
[epoch 0150] train_loss=0.58989	train_acc=0.71411	val_loss=0.57272	val_acc=0.73034	lr=0.00075	patience=12	blocks.0.graph_gate=0.80000	blocks.1.graph_gate=0.80000	blocks.2.graph_gate=0.79584	blocks.3.graph_gate=0.79781
[epoch 0200] train_loss=0.58786	train_acc=0.71161	val_loss=0.56245	val_acc=0.75281	lr=0.00009	patience=62	blocks.0.graph_gate=0.80000	blocks.1.graph_gate=0.80000	blocks.2.graph_gate=0.79605	blocks.3.graph_gate=0.79856
[early_stop] epoch=218 best_epoch=138 best_val_loss=0.56109
completed in 72.96s
/home/xuelin/miniconda3/envs/pyg/lib/python3.11/site-packages/outdated/__init__.py:36: UserWarning: pkg_resources is deprecated as an API. See https://setuptools.pypa.io/en/latest/pkg_resources.html. The pkg_resources package is slated for removal as early as 2025-11-30. Refrain from using this package or pin to Setuptools<81.
  from pkg_resources import parse_version
[086/720] OK ds=PROTEINS model=GraphCrossGNN op=GATConv fold=1 time=54.9s
[epoch 0001] train_loss=0.67967	train_acc=0.59551	val_loss=0.66392	val_acc=0.59551	lr=0.00300	patience=0	blocks.0.graph_gate=0.80000	blocks.1.graph_gate=0.80000	blocks.2.graph_gate=0.80035	blocks.3.graph_gate=0.79994
[epoch 0050] train_loss=0.59640	train_acc=0.70037	val_loss=0.58576	val_acc=0.69663	lr=0.00075	patience=32	blocks.0.graph_gate=0.80000	blocks.1.graph_gate=0.80000	blocks.2.graph_gate=0.79254	blocks.3.graph_gate=0.79679
[early_stop] epoch=98 best_epoch=18 best_val_loss=0.57134
completed in 51.16s
/home/xuelin/miniconda3/envs/pyg/lib/python3.11/site-packages/outdated/__init__.py:36: UserWarning: pkg_resources is deprecated as an API. See https://setuptools.pypa.io/en/latest/pkg_resources.html. The pkg_resources package is slated for removal as early as 2025-11-30. Refrain from using this package or pin to Setuptools<81.
  from pkg_resources import parse_version
[087/720] OK ds=PROTEINS model=GraphCrossGNN op=GATConv fold=0 time=73.4s
[epoch 0050] train_loss=0.57437	train_acc=0.72784	val_loss=0.58130	val_acc=0.70787	lr=0.00150	patience=21	blocks.0.graph_gate=0.80000	blocks.1.graph_gate=0.80000	blocks.2.graph_gate=0.79634	blocks.3.graph_gate=0.79866
[epoch 0100] train_loss=0.57162	train_acc=0.73159	val_loss=0.57351	val_acc=0.70787	lr=0.00038	patience=42	blocks.0.graph_gate=0.80000	blocks.1.graph_gate=0.80000	blocks.2.graph_gate=0.79592	blocks.3.graph_gate=0.79744
[early_stop] epoch=138 best_epoch=58 best_val_loss=0.56014
completed in 69.62s
/home/xuelin/miniconda3/envs/pyg/lib/python3.11/site-packages/outdated/__init__.py:36: UserWarning: pkg_resources is deprecated as an API. See https://setuptools.pypa.io/en/latest/pkg_resources.html. The pkg_resources package is slated for removal as early as 2025-11-30. Refrain from using this package or pin to Setuptools<81.
  from pkg_resources import parse_version
[088/720] OK ds=PROTEINS model=GraphCrossGNN op=GATConv fold=4 time=49.5s
[epoch 0001] train_loss=0.68395	train_acc=0.59601	val_loss=0.66900	val_acc=0.59551	lr=0.00300	patience=0	blocks.0.graph_gate=0.80000	blocks.1.graph_gate=0.80000	blocks.2.graph_gate=0.80032	blocks.3.graph_gate=0.79861
[epoch 0050] train_loss=0.56968	train_acc=0.74439	val_loss=0.66896	val_acc=0.61798	lr=0.00075	patience=42	blocks.0.graph_gate=0.80000	blocks.1.graph_gate=0.80000	blocks.2.graph_gate=0.79762	blocks.3.graph_gate=0.79653
[early_stop] epoch=88 best_epoch=8 best_val_loss=0.64613
completed in 45.76s
/home/xuelin/miniconda3/envs/pyg/lib/python3.11/site-packages/outdated/__init__.py:36: UserWarning: pkg_resources is deprecated as an API. See https://setuptools.pypa.io/en/latest/pkg_resources.html. The pkg_resources package is slated for removal as early as 2025-11-30. Refrain from using this package or pin to Setuptools<81.
  from pkg_resources import parse_version
[089/720] OK ds=PROTEINS model=GraphCrossGNN op=GATConv fold=3 time=50.3s
[epoch 0001] train_loss=0.67665	train_acc=0.59726	val_loss=0.65950	val_acc=0.59551	lr=0.00300	patience=0	blocks.0.graph_gate=0.80000	blocks.1.graph_gate=0.80000	blocks.2.graph_gate=0.80088	blocks.3.graph_gate=0.79966
[epoch 0050] train_loss=0.59407	train_acc=0.71322	val_loss=0.54980	val_acc=0.74157	lr=0.00075	patience=40	blocks.0.graph_gate=0.80000	blocks.1.graph_gate=0.80000	blocks.2.graph_gate=0.79663	blocks.3.graph_gate=0.80283
[early_stop] epoch=90 best_epoch=10 best_val_loss=0.54462
completed in 46.35s
/home/xuelin/miniconda3/envs/pyg/lib/python3.11/site-packages/outdated/__init__.py:36: UserWarning: pkg_resources is deprecated as an API. See https://setuptools.pypa.io/en/latest/pkg_resources.html. The pkg_resources package is slated for removal as early as 2025-11-30. Refrain from using this package or pin to Setuptools<81.
  from pkg_resources import parse_version
[090/720] OK ds=PROTEINS model=GraphCrossGNN op=GATConv fold=2 time=64.2s
[epoch 0050] train_loss=0.57284	train_acc=0.72659	val_loss=0.58433	val_acc=0.69663	lr=0.00300	patience=6	blocks.0.graph_gate=0.80000	blocks.1.graph_gate=0.80000	blocks.2.graph_gate=0.79515	blocks.3.graph_gate=0.80096
[epoch 0100] train_loss=0.55052	train_acc=0.72160	val_loss=0.58942	val_acc=0.70787	lr=0.00038	patience=56	blocks.0.graph_gate=0.80000	blocks.1.graph_gate=0.80000	blocks.2.graph_gate=0.79298	blocks.3.graph_gate=0.80271
[early_stop] epoch=124 best_epoch=44 best_val_loss=0.57657
completed in 60.46s
/home/xuelin/miniconda3/envs/pyg/lib/python3.11/site-packages/outdated/__init__.py:36: UserWarning: pkg_resources is deprecated as an API. See https://setuptools.pypa.io/en/latest/pkg_resources.html. The pkg_resources package is slated for removal as early as 2025-11-30. Refrain from using this package or pin to Setuptools<81.
  from pkg_resources import parse_version
[091/720] OK ds=PROTEINS model=GraphCrossGNN op=SAGEConv fold=0 time=51.4s
[epoch 0100] train_loss=0.57144	train_acc=0.71785	val_loss=0.57261	val_acc=0.71910	lr=0.00019	patience=20	blocks.0.graph_gate=0.80000	blocks.1.graph_gate=0.80000	blocks.2.graph_gate=0.79115	blocks.3.graph_gate=0.79838
[epoch 0150] train_loss=0.57220	train_acc=0.72659	val_loss=0.57448	val_acc=0.74157	lr=0.00002	patience=70	blocks.0.graph_gate=0.80000	blocks.1.graph_gate=0.80000	blocks.2.graph_gate=0.79114	blocks.3.graph_gate=0.79820
[early_stop] epoch=160 best_epoch=80 best_val_loss=0.56568
completed in 47.75s
/home/xuelin/miniconda3/envs/pyg/lib/python3.11/site-packages/outdated/__init__.py:36: UserWarning: pkg_resources is deprecated as an API. See https://setuptools.pypa.io/en/latest/pkg_resources.html. The pkg_resources package is slated for removal as early as 2025-11-30. Refrain from using this package or pin to Setuptools<81.
  from pkg_resources import parse_version
[092/720] OK ds=PROTEINS model=GraphCrossGNN op=SAGEConv fold=4 time=30.0s
[epoch 0001] train_loss=0.67357	train_acc=0.59726	val_loss=0.66195	val_acc=0.64045	lr=0.00300	patience=0	blocks.0.graph_gate=0.80000	blocks.1.graph_gate=0.80000	blocks.2.graph_gate=0.79904	blocks.3.graph_gate=0.79916
[epoch 0050] train_loss=0.57295	train_acc=0.73940	val_loss=0.69852	val_acc=0.60674	lr=0.00075	patience=44	blocks.0.graph_gate=0.80000	blocks.1.graph_gate=0.80000	blocks.2.graph_gate=0.79329	blocks.3.graph_gate=0.79983
[early_stop] epoch=86 best_epoch=6 best_val_loss=0.65608
completed in 26.42s
/home/xuelin/miniconda3/envs/pyg/lib/python3.11/site-packages/outdated/__init__.py:36: UserWarning: pkg_resources is deprecated as an API. See https://setuptools.pypa.io/en/latest/pkg_resources.html. The pkg_resources package is slated for removal as early as 2025-11-30. Refrain from using this package or pin to Setuptools<81.
  from pkg_resources import parse_version
[093/720] OK ds=PROTEINS model=GraphCrossGNN op=SAGEConv fold=2 time=35.2s
[epoch 0050] train_loss=0.60420	train_acc=0.69538	val_loss=0.58476	val_acc=0.68539	lr=0.00150	patience=20	blocks.0.graph_gate=0.80000	blocks.1.graph_gate=0.80000	blocks.2.graph_gate=0.78683	blocks.3.graph_gate=0.79973
[epoch 0100] train_loss=0.59544	train_acc=0.70662	val_loss=0.59254	val_acc=0.73034	lr=0.00019	patience=70	blocks.0.graph_gate=0.80000	blocks.1.graph_gate=0.80000	blocks.2.graph_gate=0.78521	blocks.3.graph_gate=0.80020
[early_stop] epoch=110 best_epoch=30 best_val_loss=0.57903
completed in 31.66s
/home/xuelin/miniconda3/envs/pyg/lib/python3.11/site-packages/outdated/__init__.py:36: UserWarning: pkg_resources is deprecated as an API. See https://setuptools.pypa.io/en/latest/pkg_resources.html. The pkg_resources package is slated for removal as early as 2025-11-30. Refrain from using this package or pin to Setuptools<81.
  from pkg_resources import parse_version
[094/720] OK ds=PROTEINS model=GraphCrossGNN op=SAGEConv fold=3 time=34.0s
[epoch 0050] train_loss=0.60582	train_acc=0.69077	val_loss=0.55244	val_acc=0.74157	lr=0.00150	patience=28	blocks.0.graph_gate=0.80000	blocks.1.graph_gate=0.80000	blocks.2.graph_gate=0.78498	blocks.3.graph_gate=0.80157
[epoch 0100] train_loss=0.58553	train_acc=0.69950	val_loss=0.56314	val_acc=0.70787	lr=0.00019	patience=78	blocks.0.graph_gate=0.80000	blocks.1.graph_gate=0.80000	blocks.2.graph_gate=0.78329	blocks.3.graph_gate=0.80136
[early_stop] epoch=102 best_epoch=22 best_val_loss=0.54155
completed in 30.21s
/home/xuelin/miniconda3/envs/pyg/lib/python3.11/site-packages/outdated/__init__.py:36: UserWarning: pkg_resources is deprecated as an API. See https://setuptools.pypa.io/en/latest/pkg_resources.html. The pkg_resources package is slated for removal as early as 2025-11-30. Refrain from using this package or pin to Setuptools<81.
  from pkg_resources import parse_version
[095/720] OK ds=PROTEINS model=GraphCrossGNN op=SAGEConv fold=1 time=63.2s
[epoch 0150] train_loss=0.57771	train_acc=0.71036	val_loss=0.56377	val_acc=0.73034	lr=0.00019	patience=17	blocks.0.graph_gate=0.80000	blocks.1.graph_gate=0.80000	blocks.2.graph_gate=0.79122	blocks.3.graph_gate=0.79770
[epoch 0200] train_loss=0.57474	train_acc=0.70287	val_loss=0.55645	val_acc=0.74157	lr=0.00002	patience=67	blocks.0.graph_gate=0.80000	blocks.1.graph_gate=0.80000	blocks.2.graph_gate=0.79123	blocks.3.graph_gate=0.79814
[early_stop] epoch=213 best_epoch=133 best_val_loss=0.55447
completed in 59.67s
/home/xuelin/miniconda3/envs/pyg/lib/python3.11/site-packages/outdated/__init__.py:36: UserWarning: pkg_resources is deprecated as an API. See https://setuptools.pypa.io/en/latest/pkg_resources.html. The pkg_resources package is slated for removal as early as 2025-11-30. Refrain from using this package or pin to Setuptools<81.
  from pkg_resources import parse_version
[096/720] OK ds=PROTEINS model=GraphCrossGNN op=GINConv fold=0 time=53.1s
[epoch 0100] train_loss=0.57717	train_acc=0.72534	val_loss=0.59986	val_acc=0.73034	lr=0.00150	patience=28	blocks.0.graph_gate=0.80000	blocks.1.graph_gate=0.80000	blocks.2.graph_gate=0.77984	blocks.3.graph_gate=0.77622
[epoch 0150] train_loss=0.57181	train_acc=0.73283	val_loss=0.59062	val_acc=0.73034	lr=0.00019	patience=78	blocks.0.graph_gate=0.80000	blocks.1.graph_gate=0.80000	blocks.2.graph_gate=0.77920	blocks.3.graph_gate=0.77739
[early_stop] epoch=152 best_epoch=72 best_val_loss=0.57754
completed in 49.59s
/home/xuelin/miniconda3/envs/pyg/lib/python3.11/site-packages/outdated/__init__.py:36: UserWarning: pkg_resources is deprecated as an API. See https://setuptools.pypa.io/en/latest/pkg_resources.html. The pkg_resources package is slated for removal as early as 2025-11-30. Refrain from using this package or pin to Setuptools<81.
  from pkg_resources import parse_version
[097/720] OK ds=PROTEINS model=GraphCrossGNN op=GINConv fold=4 time=33.1s
[epoch 0001] train_loss=0.67839	train_acc=0.59352	val_loss=0.65539	val_acc=0.59551	lr=0.00300	patience=0	blocks.0.graph_gate=0.80000	blocks.1.graph_gate=0.80000	blocks.2.graph_gate=0.79879	blocks.3.graph_gate=0.79811
[epoch 0050] train_loss=0.57289	train_acc=0.74065	val_loss=0.67321	val_acc=0.64045	lr=0.00075	patience=44	blocks.0.graph_gate=0.80000	blocks.1.graph_gate=0.80000	blocks.2.graph_gate=0.79292	blocks.3.graph_gate=0.78356
[early_stop] epoch=86 best_epoch=6 best_val_loss=0.64382
completed in 29.55s
/home/xuelin/miniconda3/envs/pyg/lib/python3.11/site-packages/outdated/__init__.py:36: UserWarning: pkg_resources is deprecated as an API. See https://setuptools.pypa.io/en/latest/pkg_resources.html. The pkg_resources package is slated for removal as early as 2025-11-30. Refrain from using this package or pin to Setuptools<81.
  from pkg_resources import parse_version
[098/720] OK ds=PROTEINS model=GraphCrossGNN op=GINConv fold=2 time=40.1s
[epoch 0050] train_loss=0.60653	train_acc=0.69413	val_loss=0.61878	val_acc=0.71910	lr=0.00150	patience=19	blocks.0.graph_gate=0.80000	blocks.1.graph_gate=0.80000	blocks.2.graph_gate=0.78751	blocks.3.graph_gate=0.78814
[epoch 0100] train_loss=0.56941	train_acc=0.72285	val_loss=0.63730	val_acc=0.70787	lr=0.00019	patience=69	blocks.0.graph_gate=0.80000	blocks.1.graph_gate=0.80000	blocks.2.graph_gate=0.78944	blocks.3.graph_gate=0.78846
[early_stop] epoch=111 best_epoch=31 best_val_loss=0.59590
completed in 36.51s
/home/xuelin/miniconda3/envs/pyg/lib/python3.11/site-packages/outdated/__init__.py:36: UserWarning: pkg_resources is deprecated as an API. See https://setuptools.pypa.io/en/latest/pkg_resources.html. The pkg_resources package is slated for removal as early as 2025-11-30. Refrain from using this package or pin to Setuptools<81.
  from pkg_resources import parse_version
[099/720] OK ds=PROTEINS model=GraphSAGEBaseline op=SAGEConv fold=0 time=19.9s
[epoch 0050] train_loss=0.59240	train_acc=0.71660	val_loss=0.58210	val_acc=0.69663	lr=0.00300	patience=5
[epoch 0100] train_loss=0.58189	train_acc=0.71660	val_loss=0.59139	val_acc=0.71910	lr=0.00075	patience=35
[early_stop] epoch=145 best_epoch=65 best_val_loss=0.56883
completed in 16.37s
/home/xuelin/miniconda3/envs/pyg/lib/python3.11/site-packages/outdated/__init__.py:36: UserWarning: pkg_resources is deprecated as an API. See https://setuptools.pypa.io/en/latest/pkg_resources.html. The pkg_resources package is slated for removal as early as 2025-11-30. Refrain from using this package or pin to Setuptools<81.
  from pkg_resources import parse_version
[100/720] OK ds=PROTEINS model=GraphCrossGNN op=GINConv fold=3 time=41.5s
[epoch 0050] train_loss=0.61474	train_acc=0.68579	val_loss=0.59197	val_acc=0.74157	lr=0.00300	patience=12	blocks.0.graph_gate=0.80000	blocks.1.graph_gate=0.80000	blocks.2.graph_gate=0.78857	blocks.3.graph_gate=0.78581
[epoch 0100] train_loss=0.58324	train_acc=0.71820	val_loss=0.57801	val_acc=0.67416	lr=0.00038	patience=62	blocks.0.graph_gate=0.80000	blocks.1.graph_gate=0.80000	blocks.2.graph_gate=0.78854	blocks.3.graph_gate=0.78501
[early_stop] epoch=118 best_epoch=38 best_val_loss=0.54860
completed in 37.77s
/home/xuelin/miniconda3/envs/pyg/lib/python3.11/site-packages/outdated/__init__.py:36: UserWarning: pkg_resources is deprecated as an API. See https://setuptools.pypa.io/en/latest/pkg_resources.html. The pkg_resources package is slated for removal as early as 2025-11-30. Refrain from using this package or pin to Setuptools<81.
  from pkg_resources import parse_version
[101/720] OK ds=PROTEINS model=GraphSAGEBaseline op=SAGEConv fold=2 time=13.4s
[epoch 0001] train_loss=0.68022	train_acc=0.59551	val_loss=0.67507	val_acc=0.59551	lr=0.00300	patience=0
[epoch 0050] train_loss=0.60611	train_acc=0.70162	val_loss=0.58772	val_acc=0.68539	lr=0.00075	patience=36
[early_stop] epoch=94 best_epoch=14 best_val_loss=0.58202
completed in 9.80s
/home/xuelin/miniconda3/envs/pyg/lib/python3.11/site-packages/outdated/__init__.py:36: UserWarning: pkg_resources is deprecated as an API. See https://setuptools.pypa.io/en/latest/pkg_resources.html. The pkg_resources package is slated for removal as early as 2025-11-30. Refrain from using this package or pin to Setuptools<81.
  from pkg_resources import parse_version
[102/720] OK ds=PROTEINS model=GraphCrossGNN op=GINConv fold=1 time=71.4s
[epoch 0150] train_loss=0.57081	train_acc=0.71660	val_loss=0.57219	val_acc=0.75281	lr=0.00019	patience=23	blocks.0.graph_gate=0.80000	blocks.1.graph_gate=0.80000	blocks.2.graph_gate=0.79378	blocks.3.graph_gate=0.79426
[epoch 0200] train_loss=0.56114	train_acc=0.72409	val_loss=0.56122	val_acc=0.77528	lr=0.00009	patience=12	blocks.0.graph_gate=0.80000	blocks.1.graph_gate=0.80000	blocks.2.graph_gate=0.79466	blocks.3.graph_gate=0.79556
[epoch 0240] train_loss=0.56304	train_acc=0.71910	val_loss=0.56226	val_acc=0.76404	lr=0.00001	patience=52	blocks.0.graph_gate=0.80000	blocks.1.graph_gate=0.80000	blocks.2.graph_gate=0.79485	blocks.3.graph_gate=0.79576
completed in 67.88s
/home/xuelin/miniconda3/envs/pyg/lib/python3.11/site-packages/outdated/__init__.py:36: UserWarning: pkg_resources is deprecated as an API. See https://setuptools.pypa.io/en/latest/pkg_resources.html. The pkg_resources package is slated for removal as early as 2025-11-30. Refrain from using this package or pin to Setuptools<81.
  from pkg_resources import parse_version
[103/720] OK ds=PROTEINS model=GraphSAGEBaseline op=SAGEConv fold=1 time=28.6s
[epoch 0150] train_loss=0.58318	train_acc=0.71910	val_loss=0.55491	val_acc=0.74157	lr=0.00038	patience=7
[epoch 0200] train_loss=0.58911	train_acc=0.71286	val_loss=0.55148	val_acc=0.74157	lr=0.00009	patience=10
[epoch 0240] train_loss=0.58169	train_acc=0.70537	val_loss=0.54919	val_acc=0.74157	lr=0.00001	patience=50
completed in 24.96s
/home/xuelin/miniconda3/envs/pyg/lib/python3.11/site-packages/outdated/__init__.py:36: UserWarning: pkg_resources is deprecated as an API. See https://setuptools.pypa.io/en/latest/pkg_resources.html. The pkg_resources package is slated for removal as early as 2025-11-30. Refrain from using this package or pin to Setuptools<81.
  from pkg_resources import parse_version
[104/720] OK ds=PROTEINS model=GraphSAGEBaseline op=SAGEConv fold=4 time=14.6s
[epoch 0050] train_loss=0.57816	train_acc=0.74439	val_loss=0.70303	val_acc=0.60674	lr=0.00075	patience=27
[epoch 0100] train_loss=0.57632	train_acc=0.73441	val_loss=0.69361	val_acc=0.65169	lr=0.00009	patience=77
[early_stop] epoch=103 best_epoch=23 best_val_loss=0.65459
completed in 10.82s
/home/xuelin/miniconda3/envs/pyg/lib/python3.11/site-packages/outdated/__init__.py:36: UserWarning: pkg_resources is deprecated as an API. See https://setuptools.pypa.io/en/latest/pkg_resources.html. The pkg_resources package is slated for removal as early as 2025-11-30. Refrain from using this package or pin to Setuptools<81.
  from pkg_resources import parse_version
[105/720] OK ds=PROTEINS model=GraphSAGEBaseline op=SAGEConv fold=3 time=17.2s
[epoch 0050] train_loss=0.59475	train_acc=0.69327	val_loss=0.56319	val_acc=0.75281	lr=0.00150	patience=22
[epoch 0100] train_loss=0.58721	train_acc=0.71446	val_loss=0.56825	val_acc=0.69663	lr=0.00038	patience=46
[early_stop] epoch=134 best_epoch=54 best_val_loss=0.54510
completed in 13.34s
/home/xuelin/miniconda3/envs/pyg/lib/python3.11/site-packages/outdated/__init__.py:36: UserWarning: pkg_resources is deprecated as an API. See https://setuptools.pypa.io/en/latest/pkg_resources.html. The pkg_resources package is slated for removal as early as 2025-11-30. Refrain from using this package or pin to Setuptools<81.
  from pkg_resources import parse_version
[106/720] OK ds=PROTEINS model=GINBaseline op=GINConv fold=0 time=26.6s
[epoch 0150] train_loss=0.57585	train_acc=0.72285	val_loss=0.57476	val_acc=0.73034	lr=0.00038	patience=0
[epoch 0200] train_loss=0.56942	train_acc=0.73159	val_loss=0.58674	val_acc=0.70787	lr=0.00005	patience=49
[early_stop] epoch=231 best_epoch=151 best_val_loss=0.57250
completed in 22.94s
/home/xuelin/miniconda3/envs/pyg/lib/python3.11/site-packages/outdated/__init__.py:36: UserWarning: pkg_resources is deprecated as an API. See https://setuptools.pypa.io/en/latest/pkg_resources.html. The pkg_resources package is slated for removal as early as 2025-11-30. Refrain from using this package or pin to Setuptools<81.
  from pkg_resources import parse_version
[107/720] OK ds=PROTEINS model=GINBaseline op=GINConv fold=4 time=14.8s
[epoch 0001] train_loss=0.72150	train_acc=0.58853	val_loss=0.66726	val_acc=0.61798	lr=0.00300	patience=0
[epoch 0050] train_loss=0.58096	train_acc=0.72943	val_loss=0.70148	val_acc=0.65169	lr=0.00075	patience=41
[early_stop] epoch=89 best_epoch=9 best_val_loss=0.64365
completed in 10.96s
/home/xuelin/miniconda3/envs/pyg/lib/python3.11/site-packages/outdated/__init__.py:36: UserWarning: pkg_resources is deprecated as an API. See https://setuptools.pypa.io/en/latest/pkg_resources.html. The pkg_resources package is slated for removal as early as 2025-11-30. Refrain from using this package or pin to Setuptools<81.
  from pkg_resources import parse_version
[108/720] OK ds=PROTEINS model=GINBaseline op=GINConv fold=2 time=18.5s
[epoch 0050] train_loss=0.59991	train_acc=0.70162	val_loss=0.59908	val_acc=0.69663	lr=0.00150	patience=1
[epoch 0100] train_loss=0.58284	train_acc=0.71411	val_loss=0.60019	val_acc=0.70787	lr=0.00038	patience=45
[early_stop] epoch=135 best_epoch=55 best_val_loss=0.58200
completed in 14.66s
/home/xuelin/miniconda3/envs/pyg/lib/python3.11/site-packages/outdated/__init__.py:36: UserWarning: pkg_resources is deprecated as an API. See https://setuptools.pypa.io/en/latest/pkg_resources.html. The pkg_resources package is slated for removal as early as 2025-11-30. Refrain from using this package or pin to Setuptools<81.
  from pkg_resources import parse_version
[109/720] OK ds=PROTEINS model=GINBaseline op=GINConv fold=3 time=18.1s
[epoch 0050] train_loss=0.61285	train_acc=0.68579	val_loss=0.55417	val_acc=0.77528	lr=0.00300	patience=2
[epoch 0100] train_loss=0.58489	train_acc=0.71820	val_loss=0.57166	val_acc=0.69663	lr=0.00038	patience=52
[early_stop] epoch=128 best_epoch=48 best_val_loss=0.52343
completed in 14.29s
/home/xuelin/miniconda3/envs/pyg/lib/python3.11/site-packages/outdated/__init__.py:36: UserWarning: pkg_resources is deprecated as an API. See https://setuptools.pypa.io/en/latest/pkg_resources.html. The pkg_resources package is slated for removal as early as 2025-11-30. Refrain from using this package or pin to Setuptools<81.
  from pkg_resources import parse_version
[110/720] OK ds=PROTEINS model=GINBaseline op=GINConv fold=1 time=25.9s
[epoch 0150] train_loss=0.59180	train_acc=0.71536	val_loss=0.58865	val_acc=0.69663	lr=0.00019	patience=60
[epoch 0200] train_loss=0.59853	train_acc=0.70911	val_loss=0.58472	val_acc=0.71910	lr=0.00002	patience=36
[epoch 0240] train_loss=0.59440	train_acc=0.71286	val_loss=0.58395	val_acc=0.71910	lr=0.00001	patience=76
completed in 22.16s
/home/xuelin/miniconda3/envs/pyg/lib/python3.11/site-packages/outdated/__init__.py:36: UserWarning: pkg_resources is deprecated as an API. See https://setuptools.pypa.io/en/latest/pkg_resources.html. The pkg_resources package is slated for removal as early as 2025-11-30. Refrain from using this package or pin to Setuptools<81.
  from pkg_resources import parse_version
[111/720] OK ds=PROTEINS model=JKNetBaseline op=GCNConv fold=0 time=19.5s
[epoch 0100] train_loss=0.59464	train_acc=0.72534	val_loss=0.58134	val_acc=0.68539	lr=0.00075	patience=21
[epoch 0150] train_loss=0.58420	train_acc=0.72909	val_loss=0.57266	val_acc=0.70787	lr=0.00009	patience=71
[early_stop] epoch=159 best_epoch=79 best_val_loss=0.56708
completed in 15.68s
/home/xuelin/miniconda3/envs/pyg/lib/python3.11/site-packages/outdated/__init__.py:36: UserWarning: pkg_resources is deprecated as an API. See https://setuptools.pypa.io/en/latest/pkg_resources.html. The pkg_resources package is slated for removal as early as 2025-11-30. Refrain from using this package or pin to Setuptools<81.
  from pkg_resources import parse_version
[112/720] OK ds=PROTEINS model=JKNetBaseline op=GCNConv fold=1 time=13.6s
[epoch 0001] train_loss=0.69057	train_acc=0.50811	val_loss=0.67754	val_acc=0.59551	lr=0.00300	patience=0
[epoch 0050] train_loss=0.60234	train_acc=0.70662	val_loss=0.58692	val_acc=0.71910	lr=0.00075	patience=33
[early_stop] epoch=97 best_epoch=17 best_val_loss=0.58403
completed in 9.80s
/home/xuelin/miniconda3/envs/pyg/lib/python3.11/site-packages/outdated/__init__.py:36: UserWarning: pkg_resources is deprecated as an API. See https://setuptools.pypa.io/en/latest/pkg_resources.html. The pkg_resources package is slated for removal as early as 2025-11-30. Refrain from using this package or pin to Setuptools<81.
  from pkg_resources import parse_version
[113/720] OK ds=PROTEINS model=JKNetBaseline op=GCNConv fold=2 time=15.5s
[epoch 0050] train_loss=0.60156	train_acc=0.70537	val_loss=0.59562	val_acc=0.68539	lr=0.00150	patience=22
[epoch 0100] train_loss=0.59817	train_acc=0.70287	val_loss=0.60079	val_acc=0.68539	lr=0.00019	patience=72
[early_stop] epoch=108 best_epoch=28 best_val_loss=0.58805
completed in 11.71s
/home/xuelin/miniconda3/envs/pyg/lib/python3.11/site-packages/outdated/__init__.py:36: UserWarning: pkg_resources is deprecated as an API. See https://setuptools.pypa.io/en/latest/pkg_resources.html. The pkg_resources package is slated for removal as early as 2025-11-30. Refrain from using this package or pin to Setuptools<81.
  from pkg_resources import parse_version
[114/720] OK ds=PROTEINS model=JKNetBaseline op=GCNConv fold=4 time=14.6s
[epoch 0001] train_loss=0.68800	train_acc=0.51870	val_loss=0.67265	val_acc=0.59551	lr=0.00300	patience=0
[epoch 0050] train_loss=0.59012	train_acc=0.73067	val_loss=0.69977	val_acc=0.64045	lr=0.00075	patience=36
[early_stop] epoch=94 best_epoch=14 best_val_loss=0.65039
completed in 10.71s
/home/xuelin/miniconda3/envs/pyg/lib/python3.11/site-packages/outdated/__init__.py:36: UserWarning: pkg_resources is deprecated as an API. See https://setuptools.pypa.io/en/latest/pkg_resources.html. The pkg_resources package is slated for removal as early as 2025-11-30. Refrain from using this package or pin to Setuptools<81.
  from pkg_resources import parse_version
[115/720] OK ds=PROTEINS model=APPNPBaseline op=GCNConv fold=0 time=11.7s
[epoch 0001] train_loss=0.69562	train_acc=0.49313	val_loss=0.67600	val_acc=0.59551	lr=0.00300	patience=0
[epoch 0050] train_loss=0.67176	train_acc=0.63296	val_loss=0.68711	val_acc=0.64045	lr=0.00075	patience=47
[early_stop] epoch=83 best_epoch=3 best_val_loss=0.67527
completed in 7.70s
/home/xuelin/miniconda3/envs/pyg/lib/python3.11/site-packages/outdated/__init__.py:36: UserWarning: pkg_resources is deprecated as an API. See https://setuptools.pypa.io/en/latest/pkg_resources.html. The pkg_resources package is slated for removal as early as 2025-11-30. Refrain from using this package or pin to Setuptools<81.
  from pkg_resources import parse_version
[116/720] OK ds=PROTEINS model=JKNetBaseline op=GCNConv fold=3 time=18.1s
[epoch 0050] train_loss=0.61282	train_acc=0.69327	val_loss=0.54687	val_acc=0.76404	lr=0.00150	patience=27
[epoch 0100] train_loss=0.61015	train_acc=0.69327	val_loss=0.55067	val_acc=0.74157	lr=0.00019	patience=37
[early_stop] epoch=143 best_epoch=63 best_val_loss=0.53473
completed in 14.04s
/home/xuelin/miniconda3/envs/pyg/lib/python3.11/site-packages/outdated/__init__.py:36: UserWarning: pkg_resources is deprecated as an API. See https://setuptools.pypa.io/en/latest/pkg_resources.html. The pkg_resources package is slated for removal as early as 2025-11-30. Refrain from using this package or pin to Setuptools<81.
  from pkg_resources import parse_version
[117/720] OK ds=PROTEINS model=APPNPBaseline op=GCNConv fold=1 time=13.3s
[epoch 0050] train_loss=0.67375	train_acc=0.60424	val_loss=0.66752	val_acc=0.64045	lr=0.00150	patience=17
[epoch 0100] train_loss=0.66981	train_acc=0.59675	val_loss=0.66575	val_acc=0.59551	lr=0.00019	patience=67
[early_stop] epoch=113 best_epoch=33 best_val_loss=0.66485
completed in 9.48s
/home/xuelin/miniconda3/envs/pyg/lib/python3.11/site-packages/outdated/__init__.py:36: UserWarning: pkg_resources is deprecated as an API. See https://setuptools.pypa.io/en/latest/pkg_resources.html. The pkg_resources package is slated for removal as early as 2025-11-30. Refrain from using this package or pin to Setuptools<81.
  from pkg_resources import parse_version
[118/720] OK ds=PROTEINS model=APPNPBaseline op=GCNConv fold=2 time=9.2s
[epoch 0001] train_loss=0.70291	train_acc=0.46941	val_loss=0.67669	val_acc=0.59551	lr=0.00300	patience=0
[epoch 0050] train_loss=0.66939	train_acc=0.60050	val_loss=0.68644	val_acc=0.56180	lr=0.00075	patience=47
[early_stop] epoch=83 best_epoch=3 best_val_loss=0.67543
completed in 5.38s
/home/xuelin/miniconda3/envs/pyg/lib/python3.11/site-packages/outdated/__init__.py:36: UserWarning: pkg_resources is deprecated as an API. See https://setuptools.pypa.io/en/latest/pkg_resources.html. The pkg_resources package is slated for removal as early as 2025-11-30. Refrain from using this package or pin to Setuptools<81.
  from pkg_resources import parse_version
[119/720] OK ds=PROTEINS model=APPNPBaseline op=GCNConv fold=3 time=11.1s
[epoch 0001] train_loss=0.70265	train_acc=0.45387	val_loss=0.67699	val_acc=0.59551	lr=0.00300	patience=0
[epoch 0050] train_loss=0.67205	train_acc=0.59601	val_loss=0.67418	val_acc=0.59551	lr=0.00075	patience=33
[early_stop] epoch=97 best_epoch=17 best_val_loss=0.67217
completed in 6.94s
/home/xuelin/miniconda3/envs/pyg/lib/python3.11/site-packages/outdated/__init__.py:36: UserWarning: pkg_resources is deprecated as an API. See https://setuptools.pypa.io/en/latest/pkg_resources.html. The pkg_resources package is slated for removal as early as 2025-11-30. Refrain from using this package or pin to Setuptools<81.
  from pkg_resources import parse_version
[120/720] OK ds=PROTEINS model=APPNPBaseline op=GCNConv fold=4 time=13.0s
[epoch 0050] train_loss=0.67237	train_acc=0.65212	val_loss=0.66897	val_acc=0.62921	lr=0.00300	patience=7
[epoch 0100] train_loss=0.66969	train_acc=0.63716	val_loss=0.66810	val_acc=0.62921	lr=0.00038	patience=57
[early_stop] epoch=123 best_epoch=43 best_val_loss=0.66283
completed in 8.68s
/home/xuelin/miniconda3/envs/pyg/lib/python3.11/site-packages/outdated/__init__.py:36: UserWarning: pkg_resources is deprecated as an API. See https://setuptools.pypa.io/en/latest/pkg_resources.html. The pkg_resources package is slated for removal as early as 2025-11-30. Refrain from using this package or pin to Setuptools<81.
  from pkg_resources import parse_version
[121/720] OK ds=DD model=PlainGNN op=GCNConv fold=2 time=238.8s
[epoch 0001] train_loss=0.70122	train_acc=0.46643	val_loss=0.68249	val_acc=0.58511	lr=0.00500	patience=0	graph_gate=0.80000
[epoch 0050] train_loss=0.53860	train_acc=0.74441	val_loss=0.69040	val_acc=0.68085	lr=0.00125	patience=34	graph_gate=0.80000
[early_stop] epoch=76 best_epoch=16 best_val_loss=0.65377
completed in 233.94s
/home/xuelin/miniconda3/envs/pyg/lib/python3.11/site-packages/outdated/__init__.py:36: UserWarning: pkg_resources is deprecated as an API. See https://setuptools.pypa.io/en/latest/pkg_resources.html. The pkg_resources package is slated for removal as early as 2025-11-30. Refrain from using this package or pin to Setuptools<81.
  from pkg_resources import parse_version
[122/720] OK ds=DD model=PlainGNN op=GCNConv fold=4 time=326.8s
[epoch 0001] train_loss=0.69954	train_acc=0.48645	val_loss=0.67799	val_acc=0.58511	lr=0.00500	patience=0	graph_gate=0.80000
[epoch 0050] train_loss=0.52614	train_acc=0.74794	val_loss=0.63137	val_acc=0.67021	lr=0.00500	patience=13	graph_gate=0.80000
[early_stop] epoch=97 best_epoch=37 best_val_loss=0.61843
completed in 321.11s
/home/xuelin/miniconda3/envs/pyg/lib/python3.11/site-packages/outdated/__init__.py:36: UserWarning: pkg_resources is deprecated as an API. See https://setuptools.pypa.io/en/latest/pkg_resources.html. The pkg_resources package is slated for removal as early as 2025-11-30. Refrain from using this package or pin to Setuptools<81.
  from pkg_resources import parse_version
[123/720] OK ds=DD model=PlainGNN op=GCNConv fold=3 time=470.2s
[epoch 0050] train_loss=0.55264	train_acc=0.72320	val_loss=0.61758	val_acc=0.72340	lr=0.00500	patience=6	graph_gate=0.80000
[epoch 0100] train_loss=0.45598	train_acc=0.79270	val_loss=0.62057	val_acc=0.74468	lr=0.00250	patience=11	graph_gate=0.80000
[early_stop] epoch=149 best_epoch=89 best_val_loss=0.57839
completed in 464.27s
/home/xuelin/miniconda3/envs/pyg/lib/python3.11/site-packages/outdated/__init__.py:36: UserWarning: pkg_resources is deprecated as an API. See https://setuptools.pypa.io/en/latest/pkg_resources.html. The pkg_resources package is slated for removal as early as 2025-11-30. Refrain from using this package or pin to Setuptools<81.
  from pkg_resources import parse_version
[124/720] OK ds=DD model=PlainGNN op=GCNConv fold=1 time=478.2s
[epoch 0100] train_loss=0.52659	train_acc=0.72288	val_loss=0.59698	val_acc=0.73404	lr=0.00500	patience=4	graph_gate=0.80000
[epoch 0150] train_loss=0.42476	train_acc=0.81486	val_loss=0.58232	val_acc=0.71277	lr=0.00063	patience=54	graph_gate=0.80000
[early_stop] epoch=156 best_epoch=96 best_val_loss=0.50988
completed in 473.73s
/home/xuelin/miniconda3/envs/pyg/lib/python3.11/site-packages/outdated/__init__.py:36: UserWarning: pkg_resources is deprecated as an API. See https://setuptools.pypa.io/en/latest/pkg_resources.html. The pkg_resources package is slated for removal as early as 2025-11-30. Refrain from using this package or pin to Setuptools<81.
  from pkg_resources import parse_version
[125/720] OK ds=DD model=PlainGNN op=GATConv fold=2 time=230.8s
[epoch 0001] train_loss=0.68920	train_acc=0.57244	val_loss=0.67831	val_acc=0.58511	lr=0.00500	patience=0	graph_gate=0.80000
[epoch 0050] train_loss=0.52785	train_acc=0.73969	val_loss=0.71275	val_acc=0.67021	lr=0.00125	patience=39	graph_gate=0.80000
[early_stop] epoch=71 best_epoch=11 best_val_loss=0.66240
completed in 224.43s
/home/xuelin/miniconda3/envs/pyg/lib/python3.11/site-packages/outdated/__init__.py:36: UserWarning: pkg_resources is deprecated as an API. See https://setuptools.pypa.io/en/latest/pkg_resources.html. The pkg_resources package is slated for removal as early as 2025-11-30. Refrain from using this package or pin to Setuptools<81.
  from pkg_resources import parse_version
[126/720] OK ds=DD model=PlainGNN op=GCNConv fold=0 time=590.5s
[epoch 0100] train_loss=0.45653	train_acc=0.78276	val_loss=0.63843	val_acc=0.73404	lr=0.00500	patience=2	graph_gate=0.80000
[epoch 0150] train_loss=0.37472	train_acc=0.84179	val_loss=0.55172	val_acc=0.75532	lr=0.00250	patience=5	graph_gate=0.80000
[epoch 0200] train_loss=0.33679	train_acc=0.84298	val_loss=0.62072	val_acc=0.75532	lr=0.00031	patience=55	graph_gate=0.80000
completed in 585.86s
/home/xuelin/miniconda3/envs/pyg/lib/python3.11/site-packages/outdated/__init__.py:36: UserWarning: pkg_resources is deprecated as an API. See https://setuptools.pypa.io/en/latest/pkg_resources.html. The pkg_resources package is slated for removal as early as 2025-11-30. Refrain from using this package or pin to Setuptools<81.
  from pkg_resources import parse_version
[127/720] OK ds=DD model=PlainGNN op=GATConv fold=1 time=362.0s
[epoch 0050] train_loss=0.56044	train_acc=0.72406	val_loss=0.56625	val_acc=0.70213	lr=0.00500	patience=6	graph_gate=0.80000
[epoch 0100] train_loss=0.45333	train_acc=0.78774	val_loss=0.59093	val_acc=0.68085	lr=0.00063	patience=49	graph_gate=0.80000
[early_stop] epoch=111 best_epoch=51 best_val_loss=0.55400
completed in 355.09s
/home/xuelin/miniconda3/envs/pyg/lib/python3.11/site-packages/outdated/__init__.py:36: UserWarning: pkg_resources is deprecated as an API. See https://setuptools.pypa.io/en/latest/pkg_resources.html. The pkg_resources package is slated for removal as early as 2025-11-30. Refrain from using this package or pin to Setuptools<81.
  from pkg_resources import parse_version
[128/720] OK ds=DD model=PlainGNN op=GATConv fold=0 time=649.9s
[epoch 0150] train_loss=0.41255	train_acc=0.78276	val_loss=0.47424	val_acc=0.78723	lr=0.00500	patience=10	graph_gate=0.80000
[epoch 0200] train_loss=0.19884	train_acc=0.91736	val_loss=0.54846	val_acc=0.80851	lr=0.00063	patience=60	graph_gate=0.80000
[early_stop] epoch=200 best_epoch=140 best_val_loss=0.44136
completed in 643.85s
/home/xuelin/miniconda3/envs/pyg/lib/python3.11/site-packages/outdated/__init__.py:36: UserWarning: pkg_resources is deprecated as an API. See https://setuptools.pypa.io/en/latest/pkg_resources.html. The pkg_resources package is slated for removal as early as 2025-11-30. Refrain from using this package or pin to Setuptools<81.
  from pkg_resources import parse_version
[129/720] OK ds=DD model=PlainGNN op=GATConv fold=4 time=257.2s
[epoch 0001] train_loss=0.68874	train_acc=0.58186	val_loss=0.67764	val_acc=0.58511	lr=0.00500	patience=0	graph_gate=0.80000
[epoch 0050] train_loss=0.52724	train_acc=0.75736	val_loss=0.65947	val_acc=0.63830	lr=0.00125	patience=34	graph_gate=0.80000
[early_stop] epoch=76 best_epoch=16 best_val_loss=0.61646
completed in 249.70s
/home/xuelin/miniconda3/envs/pyg/lib/python3.11/site-packages/outdated/__init__.py:36: UserWarning: pkg_resources is deprecated as an API. See https://setuptools.pypa.io/en/latest/pkg_resources.html. The pkg_resources package is slated for removal as early as 2025-11-30. Refrain from using this package or pin to Setuptools<81.
  from pkg_resources import parse_version
[130/720] OK ds=DD model=PlainGNN op=SAGEConv fold=2 time=243.3s
[epoch 0001] train_loss=0.68570	train_acc=0.57126	val_loss=0.67953	val_acc=0.58511	lr=0.00500	patience=0	graph_gate=0.80000
[epoch 0050] train_loss=0.52312	train_acc=0.75265	val_loss=0.69513	val_acc=0.68085	lr=0.00125	patience=35	graph_gate=0.80000
[early_stop] epoch=75 best_epoch=15 best_val_loss=0.64700
completed in 236.39s
/home/xuelin/miniconda3/envs/pyg/lib/python3.11/site-packages/outdated/__init__.py:36: UserWarning: pkg_resources is deprecated as an API. See https://setuptools.pypa.io/en/latest/pkg_resources.html. The pkg_resources package is slated for removal as early as 2025-11-30. Refrain from using this package or pin to Setuptools<81.
  from pkg_resources import parse_version
[131/720] OK ds=DD model=PlainGNN op=GATConv fold=3 time=432.3s
[epoch 0050] train_loss=0.51614	train_acc=0.76561	val_loss=0.57572	val_acc=0.69149	lr=0.00500	patience=1	graph_gate=0.80000
[epoch 0100] train_loss=0.38638	train_acc=0.81037	val_loss=0.75425	val_acc=0.73404	lr=0.00250	patience=29	graph_gate=0.80000
[early_stop] epoch=131 best_epoch=71 best_val_loss=0.55438
completed in 425.62s
/home/xuelin/miniconda3/envs/pyg/lib/python3.11/site-packages/outdated/__init__.py:36: UserWarning: pkg_resources is deprecated as an API. See https://setuptools.pypa.io/en/latest/pkg_resources.html. The pkg_resources package is slated for removal as early as 2025-11-30. Refrain from using this package or pin to Setuptools<81.
  from pkg_resources import parse_version
[132/720] OK ds=DD model=PlainGNN op=SAGEConv fold=1 time=386.6s
[epoch 0050] train_loss=0.56840	train_acc=0.71580	val_loss=0.56440	val_acc=0.75532	lr=0.00500	patience=0	graph_gate=0.80000
[epoch 0100] train_loss=0.40797	train_acc=0.80778	val_loss=0.61582	val_acc=0.68085	lr=0.00125	patience=39	graph_gate=0.80000
[early_stop] epoch=121 best_epoch=61 best_val_loss=0.54556
completed in 379.49s
/home/xuelin/miniconda3/envs/pyg/lib/python3.11/site-packages/outdated/__init__.py:36: UserWarning: pkg_resources is deprecated as an API. See https://setuptools.pypa.io/en/latest/pkg_resources.html. The pkg_resources package is slated for removal as early as 2025-11-30. Refrain from using this package or pin to Setuptools<81.
  from pkg_resources import parse_version
[133/720] OK ds=DD model=PlainGNN op=SAGEConv fold=4 time=277.1s
[epoch 0001] train_loss=0.68329	train_acc=0.57008	val_loss=0.68082	val_acc=0.58511	lr=0.00500	patience=0	graph_gate=0.80000
[epoch 0050] train_loss=0.55369	train_acc=0.74323	val_loss=0.65309	val_acc=0.64894	lr=0.00250	patience=27	graph_gate=0.80000
[early_stop] epoch=83 best_epoch=23 best_val_loss=0.62916
completed in 270.54s
/home/xuelin/miniconda3/envs/pyg/lib/python3.11/site-packages/outdated/__init__.py:36: UserWarning: pkg_resources is deprecated as an API. See https://setuptools.pypa.io/en/latest/pkg_resources.html. The pkg_resources package is slated for removal as early as 2025-11-30. Refrain from using this package or pin to Setuptools<81.
  from pkg_resources import parse_version
[134/720] OK ds=DD model=PlainGNN op=SAGEConv fold=3 time=364.2s
[epoch 0050] train_loss=0.53338	train_acc=0.73263	val_loss=0.56673	val_acc=0.71277	lr=0.00500	patience=0	graph_gate=0.80000
[epoch 0100] train_loss=0.34673	train_acc=0.86219	val_loss=0.70009	val_acc=0.70213	lr=0.00063	patience=48	graph_gate=0.80000
[early_stop] epoch=112 best_epoch=52 best_val_loss=0.55255
completed in 358.06s
/home/xuelin/miniconda3/envs/pyg/lib/python3.11/site-packages/outdated/__init__.py:36: UserWarning: pkg_resources is deprecated as an API. See https://setuptools.pypa.io/en/latest/pkg_resources.html. The pkg_resources package is slated for removal as early as 2025-11-30. Refrain from using this package or pin to Setuptools<81.
  from pkg_resources import parse_version
[135/720] OK ds=DD model=PlainGNN op=GINConv fold=0 time=328.4s
[epoch 0001] train_loss=0.73179	train_acc=0.54309	val_loss=0.68434	val_acc=0.58511	lr=0.00500	patience=0	graph_gate=0.80000
[epoch 0050] train_loss=0.38085	train_acc=0.82645	val_loss=0.61901	val_acc=0.74468	lr=0.00500	patience=12	graph_gate=0.80000
[early_stop] epoch=98 best_epoch=38 best_val_loss=0.55514
completed in 321.35s
/home/xuelin/miniconda3/envs/pyg/lib/python3.11/site-packages/outdated/__init__.py:36: UserWarning: pkg_resources is deprecated as an API. See https://setuptools.pypa.io/en/latest/pkg_resources.html. The pkg_resources package is slated for removal as early as 2025-11-30. Refrain from using this package or pin to Setuptools<81.
  from pkg_resources import parse_version
[136/720] OK ds=DD model=PlainGNN op=SAGEConv fold=0 time=636.9s
[epoch 0100] train_loss=0.36294	train_acc=0.85242	val_loss=0.63188	val_acc=0.70213	lr=0.00500	patience=5	graph_gate=0.80000
[epoch 0150] train_loss=0.30909	train_acc=0.85714	val_loss=0.62133	val_acc=0.74468	lr=0.00250	patience=18	graph_gate=0.80000
[epoch 0200] train_loss=0.18279	train_acc=0.92916	val_loss=0.58008	val_acc=0.79787	lr=0.00031	patience=48	graph_gate=0.80000
completed in 630.90s
/home/xuelin/miniconda3/envs/pyg/lib/python3.11/site-packages/outdated/__init__.py:36: UserWarning: pkg_resources is deprecated as an API. See https://setuptools.pypa.io/en/latest/pkg_resources.html. The pkg_resources package is slated for removal as early as 2025-11-30. Refrain from using this package or pin to Setuptools<81.
  from pkg_resources import parse_version
[137/720] OK ds=DD model=PlainGNN op=GINConv fold=2 time=231.7s
[epoch 0001] train_loss=0.71272	train_acc=0.51001	val_loss=0.67515	val_acc=0.58511	lr=0.00500	patience=0	graph_gate=0.80000
[epoch 0050] train_loss=0.40578	train_acc=0.83157	val_loss=1.21448	val_acc=0.64894	lr=0.00125	patience=38	graph_gate=0.80000
[early_stop] epoch=72 best_epoch=12 best_val_loss=0.59339
completed in 224.68s
/home/xuelin/miniconda3/envs/pyg/lib/python3.11/site-packages/outdated/__init__.py:36: UserWarning: pkg_resources is deprecated as an API. See https://setuptools.pypa.io/en/latest/pkg_resources.html. The pkg_resources package is slated for removal as early as 2025-11-30. Refrain from using this package or pin to Setuptools<81.
  from pkg_resources import parse_version
[138/720] OK ds=DD model=PlainGNN op=GINConv fold=1 time=308.2s
[epoch 0001] train_loss=0.70913	train_acc=0.54599	val_loss=0.68418	val_acc=0.58511	lr=0.00500	patience=0	graph_gate=0.80000
[epoch 0050] train_loss=0.39924	train_acc=0.81486	val_loss=0.72369	val_acc=0.62766	lr=0.00500	patience=14	graph_gate=0.80000
[early_stop] epoch=96 best_epoch=36 best_val_loss=0.54511
completed in 302.26s
/home/xuelin/miniconda3/envs/pyg/lib/python3.11/site-packages/outdated/__init__.py:36: UserWarning: pkg_resources is deprecated as an API. See https://setuptools.pypa.io/en/latest/pkg_resources.html. The pkg_resources package is slated for removal as early as 2025-11-30. Refrain from using this package or pin to Setuptools<81.
  from pkg_resources import parse_version
[139/720] OK ds=DD model=PlainGNN op=GINConv fold=4 time=270.0s
[epoch 0001] train_loss=0.69114	train_acc=0.55006	val_loss=0.67411	val_acc=0.58511	lr=0.00500	patience=0	graph_gate=0.80000
[epoch 0050] train_loss=0.31150	train_acc=0.87750	val_loss=1.05242	val_acc=0.72340	lr=0.00250	patience=29	graph_gate=0.80000
[early_stop] epoch=81 best_epoch=21 best_val_loss=0.60198
completed in 262.99s
/home/xuelin/miniconda3/envs/pyg/lib/python3.11/site-packages/outdated/__init__.py:36: UserWarning: pkg_resources is deprecated as an API. See https://setuptools.pypa.io/en/latest/pkg_resources.html. The pkg_resources package is slated for removal as early as 2025-11-30. Refrain from using this package or pin to Setuptools<81.
  from pkg_resources import parse_version
[140/720] OK ds=DD model=PlainGNN op=GINConv fold=3 time=289.8s
[epoch 0001] train_loss=0.70111	train_acc=0.53592	val_loss=0.66847	val_acc=0.58511	lr=0.00500	patience=0	graph_gate=0.80000
[epoch 0050] train_loss=0.30471	train_acc=0.87868	val_loss=0.81743	val_acc=0.67021	lr=0.00250	patience=20	graph_gate=0.80000
[early_stop] epoch=90 best_epoch=30 best_val_loss=0.56793
completed in 283.24s
/home/xuelin/miniconda3/envs/pyg/lib/python3.11/site-packages/outdated/__init__.py:36: UserWarning: pkg_resources is deprecated as an API. See https://setuptools.pypa.io/en/latest/pkg_resources.html. The pkg_resources package is slated for removal as early as 2025-11-30. Refrain from using this package or pin to Setuptools<81.
  from pkg_resources import parse_version
[141/720] OK ds=DD model=NodeResGNN op=GCNConv fold=2 time=229.9s
[epoch 0001] train_loss=0.69461	train_acc=0.50412	val_loss=0.68224	val_acc=0.58511	lr=0.00500	patience=0	residual_gate=0.80168
[epoch 0050] train_loss=0.51889	train_acc=0.76443	val_loss=0.71796	val_acc=0.65957	lr=0.00125	patience=38	residual_gate=0.80882
[early_stop] epoch=72 best_epoch=12 best_val_loss=0.65812
completed in 222.47s
/home/xuelin/miniconda3/envs/pyg/lib/python3.11/site-packages/outdated/__init__.py:36: UserWarning: pkg_resources is deprecated as an API. See https://setuptools.pypa.io/en/latest/pkg_resources.html. The pkg_resources package is slated for removal as early as 2025-11-30. Refrain from using this package or pin to Setuptools<81.
  from pkg_resources import parse_version
[142/720] OK ds=DD model=NodeResGNN op=GCNConv fold=4 time=297.8s
[epoch 0001] train_loss=0.69476	train_acc=0.52179	val_loss=0.67750	val_acc=0.58511	lr=0.00500	patience=0	residual_gate=0.80193
[epoch 0050] train_loss=0.52787	train_acc=0.74205	val_loss=0.66251	val_acc=0.69149	lr=0.00250	patience=20	residual_gate=0.81089
[early_stop] epoch=90 best_epoch=30 best_val_loss=0.62359
completed in 291.18s
/home/xuelin/miniconda3/envs/pyg/lib/python3.11/site-packages/outdated/__init__.py:36: UserWarning: pkg_resources is deprecated as an API. See https://setuptools.pypa.io/en/latest/pkg_resources.html. The pkg_resources package is slated for removal as early as 2025-11-30. Refrain from using this package or pin to Setuptools<81.
  from pkg_resources import parse_version
[143/720] OK ds=DD model=NodeResGNN op=GCNConv fold=1 time=400.9s
[epoch 0050] train_loss=0.54860	train_acc=0.71462	val_loss=0.54150	val_acc=0.74468	lr=0.00500	patience=0	residual_gate=0.80959
[epoch 0100] train_loss=0.41322	train_acc=0.80425	val_loss=0.55059	val_acc=0.70213	lr=0.00125	patience=32	residual_gate=0.82010
[early_stop] epoch=128 best_epoch=68 best_val_loss=0.51375
completed in 394.78s
/home/xuelin/miniconda3/envs/pyg/lib/python3.11/site-packages/outdated/__init__.py:36: UserWarning: pkg_resources is deprecated as an API. See https://setuptools.pypa.io/en/latest/pkg_resources.html. The pkg_resources package is slated for removal as early as 2025-11-30. Refrain from using this package or pin to Setuptools<81.
  from pkg_resources import parse_version
[144/720] OK ds=DD model=NodeResGNN op=GCNConv fold=0 time=455.5s
[epoch 0050] train_loss=0.55953	train_acc=0.71429	val_loss=0.60578	val_acc=0.72340	lr=0.00500	patience=3	residual_gate=0.80972
[epoch 0100] train_loss=0.43276	train_acc=0.80519	val_loss=0.51762	val_acc=0.81915	lr=0.00250	patience=17	residual_gate=0.81935
[early_stop] epoch=143 best_epoch=83 best_val_loss=0.49102
completed in 449.04s
/home/xuelin/miniconda3/envs/pyg/lib/python3.11/site-packages/outdated/__init__.py:36: UserWarning: pkg_resources is deprecated as an API. See https://setuptools.pypa.io/en/latest/pkg_resources.html. The pkg_resources package is slated for removal as early as 2025-11-30. Refrain from using this package or pin to Setuptools<81.
  from pkg_resources import parse_version
[145/720] OK ds=DD model=NodeResGNN op=GCNConv fold=3 time=451.0s
[epoch 0050] train_loss=0.54117	train_acc=0.75972	val_loss=0.58025	val_acc=0.74468	lr=0.00500	patience=0	residual_gate=0.80925
[epoch 0100] train_loss=0.42672	train_acc=0.80094	val_loss=0.54334	val_acc=0.72340	lr=0.00250	patience=17	residual_gate=0.81820
[early_stop] epoch=143 best_epoch=83 best_val_loss=0.50953
completed in 444.27s
/home/xuelin/miniconda3/envs/pyg/lib/python3.11/site-packages/outdated/__init__.py:36: UserWarning: pkg_resources is deprecated as an API. See https://setuptools.pypa.io/en/latest/pkg_resources.html. The pkg_resources package is slated for removal as early as 2025-11-30. Refrain from using this package or pin to Setuptools<81.
  from pkg_resources import parse_version
[146/720] OK ds=DD model=NodeResGNN op=GATConv fold=2 time=231.7s
[epoch 0001] train_loss=0.68943	train_acc=0.58422	val_loss=0.67887	val_acc=0.58511	lr=0.00500	patience=0	residual_gate=0.80057
[epoch 0050] train_loss=0.53951	train_acc=0.73616	val_loss=0.73079	val_acc=0.67021	lr=0.00125	patience=40	residual_gate=0.80638
[early_stop] epoch=70 best_epoch=10 best_val_loss=0.66212
completed in 224.88s
/home/xuelin/miniconda3/envs/pyg/lib/python3.11/site-packages/outdated/__init__.py:36: UserWarning: pkg_resources is deprecated as an API. See https://setuptools.pypa.io/en/latest/pkg_resources.html. The pkg_resources package is slated for removal as early as 2025-11-30. Refrain from using this package or pin to Setuptools<81.
  from pkg_resources import parse_version
[147/720] OK ds=DD model=NodeResGNN op=GATConv fold=1 time=418.6s
[epoch 0050] train_loss=0.54476	train_acc=0.73821	val_loss=0.58264	val_acc=0.68085	lr=0.00500	patience=9	residual_gate=0.80620
[epoch 0100] train_loss=0.42823	train_acc=0.79481	val_loss=0.62747	val_acc=0.67021	lr=0.00250	patience=28	residual_gate=0.81213
[early_stop] epoch=132 best_epoch=72 best_val_loss=0.54618
completed in 411.63s
/home/xuelin/miniconda3/envs/pyg/lib/python3.11/site-packages/outdated/__init__.py:36: UserWarning: pkg_resources is deprecated as an API. See https://setuptools.pypa.io/en/latest/pkg_resources.html. The pkg_resources package is slated for removal as early as 2025-11-30. Refrain from using this package or pin to Setuptools<81.
  from pkg_resources import parse_version
[148/720] OK ds=DD model=NodeResGNN op=GATConv fold=4 time=248.9s
[epoch 0001] train_loss=0.68751	train_acc=0.58304	val_loss=0.67729	val_acc=0.58511	lr=0.00500	patience=0	residual_gate=0.80062
[epoch 0050] train_loss=0.52759	train_acc=0.75854	val_loss=0.67231	val_acc=0.70213	lr=0.00125	patience=36	residual_gate=0.80691
[early_stop] epoch=74 best_epoch=14 best_val_loss=0.61124
completed in 242.09s
/home/xuelin/miniconda3/envs/pyg/lib/python3.11/site-packages/outdated/__init__.py:36: UserWarning: pkg_resources is deprecated as an API. See https://setuptools.pypa.io/en/latest/pkg_resources.html. The pkg_resources package is slated for removal as early as 2025-11-30. Refrain from using this package or pin to Setuptools<81.
  from pkg_resources import parse_version
[149/720] OK ds=DD model=NodeResGNN op=GATConv fold=0 time=644.5s
[epoch 0100] train_loss=0.44637	train_acc=0.78749	val_loss=0.55449	val_acc=0.72340	lr=0.00500	patience=6	residual_gate=0.81731
[epoch 0150] train_loss=0.29757	train_acc=0.87131	val_loss=0.46322	val_acc=0.76596	lr=0.00250	patience=2	residual_gate=0.82779
[epoch 0200] train_loss=0.28898	train_acc=0.85950	val_loss=0.47483	val_acc=0.76596	lr=0.00125	patience=10	residual_gate=0.83487
completed in 636.62s
/home/xuelin/miniconda3/envs/pyg/lib/python3.11/site-packages/outdated/__init__.py:36: UserWarning: pkg_resources is deprecated as an API. See https://setuptools.pypa.io/en/latest/pkg_resources.html. The pkg_resources package is slated for removal as early as 2025-11-30. Refrain from using this package or pin to Setuptools<81.
  from pkg_resources import parse_version
[150/720] OK ds=DD model=NodeResGNN op=GATConv fold=3 time=417.4s
[epoch 0050] train_loss=0.48954	train_acc=0.78916	val_loss=0.57725	val_acc=0.71277	lr=0.00500	patience=1	residual_gate=0.80364
[epoch 0100] train_loss=0.33825	train_acc=0.84688	val_loss=0.65876	val_acc=0.70213	lr=0.00250	patience=30	residual_gate=0.81093
[early_stop] epoch=130 best_epoch=70 best_val_loss=0.51678
completed in 409.42s
/home/xuelin/miniconda3/envs/pyg/lib/python3.11/site-packages/outdated/__init__.py:36: UserWarning: pkg_resources is deprecated as an API. See https://setuptools.pypa.io/en/latest/pkg_resources.html. The pkg_resources package is slated for removal as early as 2025-11-30. Refrain from using this package or pin to Setuptools<81.
  from pkg_resources import parse_version
[151/720] OK ds=DD model=NodeResGNN op=SAGEConv fold=2 time=232.3s
[epoch 0001] train_loss=0.68566	train_acc=0.56184	val_loss=0.67869	val_acc=0.58511	lr=0.00500	patience=0	residual_gate=0.79852
[epoch 0050] train_loss=0.50789	train_acc=0.75265	val_loss=0.68323	val_acc=0.68085	lr=0.00125	patience=38	residual_gate=0.80937
[early_stop] epoch=72 best_epoch=12 best_val_loss=0.63928
completed in 225.29s
/home/xuelin/miniconda3/envs/pyg/lib/python3.11/site-packages/outdated/__init__.py:36: UserWarning: pkg_resources is deprecated as an API. See https://setuptools.pypa.io/en/latest/pkg_resources.html. The pkg_resources package is slated for removal as early as 2025-11-30. Refrain from using this package or pin to Setuptools<81.
  from pkg_resources import parse_version
[152/720] OK ds=DD model=NodeResGNN op=SAGEConv fold=0 time=433.3s
[epoch 0050] train_loss=0.49388	train_acc=0.76033	val_loss=0.53556	val_acc=0.75532	lr=0.00500	patience=1	residual_gate=0.80768
[epoch 0100] train_loss=0.34637	train_acc=0.85006	val_loss=0.58471	val_acc=0.70213	lr=0.00250	patience=23	residual_gate=0.82327
[early_stop] epoch=137 best_epoch=77 best_val_loss=0.50903
completed in 426.15s
/home/xuelin/miniconda3/envs/pyg/lib/python3.11/site-packages/outdated/__init__.py:36: UserWarning: pkg_resources is deprecated as an API. See https://setuptools.pypa.io/en/latest/pkg_resources.html. The pkg_resources package is slated for removal as early as 2025-11-30. Refrain from using this package or pin to Setuptools<81.
  from pkg_resources import parse_version
[153/720] OK ds=DD model=NodeResGNN op=SAGEConv fold=4 time=250.2s
[epoch 0001] train_loss=0.68409	train_acc=0.57362	val_loss=0.67853	val_acc=0.58511	lr=0.00500	patience=0	residual_gate=0.79808
[epoch 0050] train_loss=0.53358	train_acc=0.75972	val_loss=0.65881	val_acc=0.68085	lr=0.00125	patience=36	residual_gate=0.80459
[early_stop] epoch=74 best_epoch=14 best_val_loss=0.62381
completed in 242.69s
/home/xuelin/miniconda3/envs/pyg/lib/python3.11/site-packages/outdated/__init__.py:36: UserWarning: pkg_resources is deprecated as an API. See https://setuptools.pypa.io/en/latest/pkg_resources.html. The pkg_resources package is slated for removal as early as 2025-11-30. Refrain from using this package or pin to Setuptools<81.
  from pkg_resources import parse_version
[154/720] OK ds=DD model=NodeResGNN op=SAGEConv fold=1 time=422.7s
[epoch 0050] train_loss=0.51643	train_acc=0.76415	val_loss=0.57713	val_acc=0.70213	lr=0.00500	patience=2	residual_gate=0.80463
[epoch 0100] train_loss=0.35060	train_acc=0.84906	val_loss=0.59283	val_acc=0.71277	lr=0.00250	patience=23	residual_gate=0.82804
[early_stop] epoch=137 best_epoch=77 best_val_loss=0.51759
completed in 415.29s
/home/xuelin/miniconda3/envs/pyg/lib/python3.11/site-packages/outdated/__init__.py:36: UserWarning: pkg_resources is deprecated as an API. See https://setuptools.pypa.io/en/latest/pkg_resources.html. The pkg_resources package is slated for removal as early as 2025-11-30. Refrain from using this package or pin to Setuptools<81.
  from pkg_resources import parse_version
[155/720] OK ds=DD model=NodeResGNN op=SAGEConv fold=3 time=441.5s
[epoch 0050] train_loss=0.55926	train_acc=0.72320	val_loss=0.68596	val_acc=0.57447	lr=0.00500	patience=3	residual_gate=0.80756
[epoch 0100] train_loss=0.35386	train_acc=0.84099	val_loss=0.64354	val_acc=0.62766	lr=0.00250	patience=22	residual_gate=0.82713
[early_stop] epoch=138 best_epoch=78 best_val_loss=0.53018
completed in 434.71s
/home/xuelin/miniconda3/envs/pyg/lib/python3.11/site-packages/outdated/__init__.py:36: UserWarning: pkg_resources is deprecated as an API. See https://setuptools.pypa.io/en/latest/pkg_resources.html. The pkg_resources package is slated for removal as early as 2025-11-30. Refrain from using this package or pin to Setuptools<81.
  from pkg_resources import parse_version
[156/720] OK ds=DD model=NodeResGNN op=GINConv fold=0 time=323.2s
[epoch 0001] train_loss=0.69478	train_acc=0.53601	val_loss=0.68578	val_acc=0.58511	lr=0.00500	patience=0	residual_gate=0.79779
[epoch 0050] train_loss=0.39660	train_acc=0.82999	val_loss=0.62919	val_acc=0.67021	lr=0.00500	patience=12	residual_gate=0.79895
[early_stop] epoch=98 best_epoch=38 best_val_loss=0.55592
completed in 316.06s
/home/xuelin/miniconda3/envs/pyg/lib/python3.11/site-packages/outdated/__init__.py:36: UserWarning: pkg_resources is deprecated as an API. See https://setuptools.pypa.io/en/latest/pkg_resources.html. The pkg_resources package is slated for removal as early as 2025-11-30. Refrain from using this package or pin to Setuptools<81.
  from pkg_resources import parse_version
[157/720] OK ds=DD model=NodeResGNN op=GINConv fold=2 time=248.9s
[epoch 0001] train_loss=0.72373	train_acc=0.50412	val_loss=0.67783	val_acc=0.58511	lr=0.00500	patience=0	residual_gate=0.79756
[epoch 0050] train_loss=0.38614	train_acc=0.83274	val_loss=0.92763	val_acc=0.67021	lr=0.00125	patience=33	residual_gate=0.79994
[early_stop] epoch=77 best_epoch=17 best_val_loss=0.60380
completed in 242.37s
/home/xuelin/miniconda3/envs/pyg/lib/python3.11/site-packages/outdated/__init__.py:36: UserWarning: pkg_resources is deprecated as an API. See https://setuptools.pypa.io/en/latest/pkg_resources.html. The pkg_resources package is slated for removal as early as 2025-11-30. Refrain from using this package or pin to Setuptools<81.
  from pkg_resources import parse_version
[158/720] OK ds=DD model=NodeResGNN op=GINConv fold=1 time=303.7s
[epoch 0001] train_loss=0.70379	train_acc=0.54009	val_loss=0.66420	val_acc=0.58511	lr=0.00500	patience=0	residual_gate=0.79730
[epoch 0050] train_loss=0.24349	train_acc=0.90212	val_loss=0.85202	val_acc=0.71277	lr=0.00500	patience=13	residual_gate=0.79691
[early_stop] epoch=97 best_epoch=37 best_val_loss=0.51760
completed in 296.96s
/home/xuelin/miniconda3/envs/pyg/lib/python3.11/site-packages/outdated/__init__.py:36: UserWarning: pkg_resources is deprecated as an API. See https://setuptools.pypa.io/en/latest/pkg_resources.html. The pkg_resources package is slated for removal as early as 2025-11-30. Refrain from using this package or pin to Setuptools<81.
  from pkg_resources import parse_version
[159/720] OK ds=DD model=NodeResGNN op=GINConv fold=3 time=294.2s
[epoch 0001] train_loss=0.71656	train_acc=0.53239	val_loss=0.67276	val_acc=0.58511	lr=0.00500	patience=0	residual_gate=0.79777
[epoch 0050] train_loss=0.43013	train_acc=0.79505	val_loss=0.67699	val_acc=0.72340	lr=0.00250	patience=18	residual_gate=0.79712
[early_stop] epoch=92 best_epoch=32 best_val_loss=0.56275
completed in 287.91s
/home/xuelin/miniconda3/envs/pyg/lib/python3.11/site-packages/outdated/__init__.py:36: UserWarning: pkg_resources is deprecated as an API. See https://setuptools.pypa.io/en/latest/pkg_resources.html. The pkg_resources package is slated for removal as early as 2025-11-30. Refrain from using this package or pin to Setuptools<81.
  from pkg_resources import parse_version
[160/720] OK ds=DD model=NodeResGNN op=GINConv fold=4 time=291.1s
[epoch 0001] train_loss=0.69897	train_acc=0.55006	val_loss=0.68449	val_acc=0.58511	lr=0.00500	patience=0	residual_gate=0.79765
[epoch 0050] train_loss=0.38301	train_acc=0.81625	val_loss=0.86114	val_acc=0.65957	lr=0.00250	patience=17	residual_gate=0.79476
[early_stop] epoch=93 best_epoch=33 best_val_loss=0.57113
completed in 284.08s
/home/xuelin/miniconda3/envs/pyg/lib/python3.11/site-packages/outdated/__init__.py:36: UserWarning: pkg_resources is deprecated as an API. See https://setuptools.pypa.io/en/latest/pkg_resources.html. The pkg_resources package is slated for removal as early as 2025-11-30. Refrain from using this package or pin to Setuptools<81.
  from pkg_resources import parse_version
[161/720] OK ds=DD model=NodeCrossGNN op=GCNConv fold=2 time=297.7s
[epoch 0001] train_loss=0.69950	train_acc=0.48057	val_loss=0.67957	val_acc=0.58511	lr=0.00300	patience=0	cross_gate=0.79982
[epoch 0050] train_loss=0.53583	train_acc=0.74087	val_loss=0.67129	val_acc=0.68085	lr=0.00075	patience=35	cross_gate=0.81452
[early_stop] epoch=95 best_epoch=15 best_val_loss=0.64384
completed in 290.71s
/home/xuelin/miniconda3/envs/pyg/lib/python3.11/site-packages/outdated/__init__.py:36: UserWarning: pkg_resources is deprecated as an API. See https://setuptools.pypa.io/en/latest/pkg_resources.html. The pkg_resources package is slated for removal as early as 2025-11-30. Refrain from using this package or pin to Setuptools<81.
  from pkg_resources import parse_version
[162/720] OK ds=DD model=NodeCrossGNN op=GCNConv fold=4 time=325.3s
[epoch 0050] train_loss=0.54094	train_acc=0.74558	val_loss=0.67027	val_acc=0.68085	lr=0.00150	patience=28	cross_gate=0.81582
[epoch 0100] train_loss=0.51225	train_acc=0.76914	val_loss=0.69580	val_acc=0.67021	lr=0.00019	patience=78	cross_gate=0.81886
[early_stop] epoch=102 best_epoch=22 best_val_loss=0.62445
completed in 319.53s
/home/xuelin/miniconda3/envs/pyg/lib/python3.11/site-packages/outdated/__init__.py:36: UserWarning: pkg_resources is deprecated as an API. See https://setuptools.pypa.io/en/latest/pkg_resources.html. The pkg_resources package is slated for removal as early as 2025-11-30. Refrain from using this package or pin to Setuptools<81.
  from pkg_resources import parse_version
[163/720] OK ds=DD model=NodeCrossGNN op=GCNConv fold=0 time=525.4s
[epoch 0100] train_loss=0.45401	train_acc=0.78630	val_loss=0.54621	val_acc=0.75532	lr=0.00300	patience=13	cross_gate=0.83478
[epoch 0150] train_loss=0.36489	train_acc=0.83471	val_loss=0.54263	val_acc=0.75532	lr=0.00038	patience=63	cross_gate=0.84125
[early_stop] epoch=167 best_epoch=87 best_val_loss=0.52406
completed in 519.06s
/home/xuelin/miniconda3/envs/pyg/lib/python3.11/site-packages/outdated/__init__.py:36: UserWarning: pkg_resources is deprecated as an API. See https://setuptools.pypa.io/en/latest/pkg_resources.html. The pkg_resources package is slated for removal as early as 2025-11-30. Refrain from using this package or pin to Setuptools<81.
  from pkg_resources import parse_version
[164/720] OK ds=DD model=NodeCrossGNN op=GCNConv fold=1 time=556.2s
[epoch 0100] train_loss=0.45071	train_acc=0.78892	val_loss=0.51573	val_acc=0.73404	lr=0.00300	patience=0	cross_gate=0.82150
[epoch 0150] train_loss=0.39984	train_acc=0.81250	val_loss=0.54242	val_acc=0.76596	lr=0.00075	patience=47	cross_gate=0.82911
[early_stop] epoch=183 best_epoch=103 best_val_loss=0.50803
completed in 549.04s
/home/xuelin/miniconda3/envs/pyg/lib/python3.11/site-packages/outdated/__init__.py:36: UserWarning: pkg_resources is deprecated as an API. See https://setuptools.pypa.io/en/latest/pkg_resources.html. The pkg_resources package is slated for removal as early as 2025-11-30. Refrain from using this package or pin to Setuptools<81.
  from pkg_resources import parse_version
[165/720] OK ds=DD model=NodeCrossGNN op=GCNConv fold=3 time=514.3s
[epoch 0100] train_loss=0.42795	train_acc=0.79859	val_loss=0.62902	val_acc=0.73404	lr=0.00300	patience=14	cross_gate=0.83357
[epoch 0150] train_loss=0.35791	train_acc=0.83274	val_loss=0.61938	val_acc=0.69149	lr=0.00019	patience=64	cross_gate=0.83981
[early_stop] epoch=166 best_epoch=86 best_val_loss=0.54623
completed in 507.85s
/home/xuelin/miniconda3/envs/pyg/lib/python3.11/site-packages/outdated/__init__.py:36: UserWarning: pkg_resources is deprecated as an API. See https://setuptools.pypa.io/en/latest/pkg_resources.html. The pkg_resources package is slated for removal as early as 2025-11-30. Refrain from using this package or pin to Setuptools<81.
  from pkg_resources import parse_version
[166/720] FAIL ds=DD model=NodeCrossGNN op=SAGEConv fold=0 time=14.1s
model=NodeCrossGNN	operator=SAGEConv	dataset=DD	version=V2	fold=0	dataset_family=tu	total_params=72579	trainable_params=72579	gate_init=0.80000
/home/xuelin/miniconda3/envs/pyg/lib/python3.11/site-packages/outdated/__init__.py:36: UserWarning: pkg_resources is deprecated as an API. See https://setuptools.pypa.io/en/latest/pkg_resources.html. The pkg_resources package is slated for removal as early as 2025-11-30. Refrain from using this package or pin to Setuptools<81.
  from pkg_resources import parse_version
Traceback (most recent call last):
  File "/ds1/workspace/ai/cross_residual_gnn/geomatric/graph_classify_v3.py", line 1409, in <module>
    main()
  File "/ds1/workspace/ai/cross_residual_gnn/geomatric/graph_classify_v3.py", line 1404, in main
    train_one_config(args)
  File "/ds1/workspace/ai/cross_residual_gnn/geomatric/graph_classify_v3.py", line 1155, in train_one_config
    logits, graph_embedding = model(batch_data.x, batch_data.edge_index, batch_data.batch)
                              ^^^^^^^^^^^^^^^^^^^^^^^^^^^^^^^^^^^^^^^^^^^^^^^^^^^^^^^^^^^^
  File "/home/xuelin/miniconda3/envs/pyg/lib/python3.11/site-packages/torch/nn/modules/module.py", line 1779, in _wrapped_call_impl
    return self._call_impl(*args, **kwargs)
           ^^^^^^^^^^^^^^^^^^^^^^^^^^^^^^^^
  File "/home/xuelin/miniconda3/envs/pyg/lib/python3.11/site-packages/torch/nn/modules/module.py", line 1790, in _call_impl
    return forward_call(*args, **kwargs)
           ^^^^^^^^^^^^^^^^^^^^^^^^^^^^^
  File "/ds1/workspace/ai/cross_residual_gnn/geomatric/graph_classify_v3.py", line 647, in forward
    branch_1 = F.relu(self.hidden_layers[layer_id](branch_1 + gate * prev_2, edge_index))
                      ^^^^^^^^^^^^^^^^^^^^^^^^^^^^^^^^^^^^^^^^^^^^^^^^^^^^^^^^^^^^^^^^^^
  File "/home/xuelin/miniconda3/envs/pyg/lib/python3.11/site-packages/torch/nn/modules/module.py", line 1779, in _wrapped_call_impl
    return self._call_impl(*args, **kwargs)
           ^^^^^^^^^^^^^^^^^^^^^^^^^^^^^^^^
  File "/home/xuelin/miniconda3/envs/pyg/lib/python3.11/site-packages/torch/nn/modules/module.py", line 1790, in _call_impl
    return forward_call(*args, **kwargs)
           ^^^^^^^^^^^^^^^^^^^^^^^^^^^^^
  File "/home/xuelin/miniconda3/envs/pyg/lib/python3.11/site-packages/torch_geometric/nn/conv/sage_conv.py", line 134, in forward
    out = self.propagate(edge_index, x=x, size=size)
          ^^^^^^^^^^^^^^^^^^^^^^^^^^^^^^^^^^^^^^^^^^
  File "/tmp/torch_geometric.nn.conv.sage_conv_SAGEConv_propagate_8o6kmnfx.py", line 173, in propagate
    kwargs = self.collect(
             ^^^^^^^^^^^^^
  File "/tmp/torch_geometric.nn.conv.sage_conv_SAGEConv_propagate_8o6kmnfx.py", line 83, in collect
    x_j = self._index_select(_x_0, edge_index_j)
          ^^^^^^^^^^^^^^^^^^^^^^^^^^^^^^^^^^^^^^
  File "/home/xuelin/miniconda3/envs/pyg/lib/python3.11/site-packages/torch_geometric/nn/conv/message_passing.py", line 267, in _index_select
    return self._index_select_safe(src, index)
           ^^^^^^^^^^^^^^^^^^^^^^^^^^^^^^^^^^^
  File "/home/xuelin/miniconda3/envs/pyg/lib/python3.11/site-packages/torch_geometric/nn/conv/message_passing.py", line 290, in _index_select_safe
    raise e
  File "/home/xuelin/miniconda3/envs/pyg/lib/python3.11/site-packages/torch_geometric/nn/conv/message_passing.py", line 271, in _index_select_safe
    return src.index_select(self.node_dim, index)
           ^^^^^^^^^^^^^^^^^^^^^^^^^^^^^^^^^^^^^^
torch.OutOfMemoryError: CUDA out of memory. Tried to allocate 94.00 MiB. GPU 0 has a total capacity of 23.54 GiB of which 56.12 MiB is free. Process 1865347 has 7.32 GiB memory in use. Process 1866325 has 2.62 GiB memory in use. Process 1867958 has 2.29 GiB memory in use. Process 1868235 has 6.11 GiB memory in use. Process 1868808 has 3.49 GiB memory in use. Including non-PyTorch memory, this process has 878.00 MiB memory in use. Of the allocated memory 495.06 MiB is allocated by PyTorch, and 74.94 MiB is reserved by PyTorch but unallocated. If reserved but unallocated memory is large try setting PYTORCH_CUDA_ALLOC_CONF=expandable_segments:True to avoid fragmentation.  See documentation for Memory Management  (https://docs.pytorch.org/docs/stable/notes/cuda.html#optimizing-memory-usage-with-pytorch-cuda-alloc-conf)
/home/xuelin/miniconda3/envs/pyg/bin/python geomatric/graph_classify_v3.py --mode single --ds DD --gname NodeCrossGNN --name SAGEConv --fold 0 --version V2 --name SAGEConv --ep 240 --patience 80 --lr 0.003 --weight_decay 5e-05 --drop 0.3 --dim 64 --h_layer 3 --batch_size 256 --grad_clip 2.0 --lr_factor 0.5 --lr_patience 15 --min_lr 1e-05 --tensorboard
